datetime,instance,mode,method,seed,threads,time_limit_s,status,obj,bound,gap,solver_time_s,total_wall_s,lag_lb,lag_ub,lag_time_s,benders_cuts,heuristic_cost,verified_cost,verified_ok,gurobi_version,gurobi_log
20260711-102947,PSC1-C1-100-10,exact,0,0,0,3600,FEASIBLE,6524947.00,6511980.73,0.00198718,3599.85,3600.00,-1.00,-1.00,-1.00,0,-1.00,6524947.00,1,13.0.2,logs/PSC1-C1-100-10_m0_exact_s0_20260711-102947.gurobi.log
20260711-112950,PSC1-C1-100-5,exact,0,0,0,3600,FEASIBLE,3791865.00,3784782.35,0.00186785,3600.00,3600.00,-1.00,-1.00,-1.00,0,-1.00,3791865.00,1,13.0.2,logs/PSC1-C1-100-5_m0_exact_s0_20260711-112950.gurobi.log
20260711-122952,PSC1-C1-50-10,exact,0,0,0,3600,FEASIBLE,3275611.00,3265534.74,0.00307615,3600.00,3600.00,-1.00,-1.00,-1.00,0,-1.00,3275611.00,1,13.0.2,logs/PSC1-C1-50-10_m0_exact_s0_20260711-122952.gurobi.log
20260711-132953,PSC1-C1-50-5,exact,0,0,0,3600,OPTIMAL,1923801.00,1923801.00,0.00000000,2000.77,2001.24,-1.00,-1.00,-1.00,0,-1.00,1923801.00,1,13.0.2,logs/PSC1-C1-50-5_m0_exact_s0_20260711-132953.gurobi.log
20260711-140315,PSC1-C2-100-10,exact,0,0,0,3600,FEASIBLE,6464704.00,5921319.81,0.08405399,3599.35,3600.00,-1.00,-1.00,-1.00,0,-1.00,6462862.00,1,13.0.2,logs/PSC1-C2-100-10_m0_exact_s0_20260711-140315.gurobi.log
20260711-150317,PSC1-C2-100-5,exact,0,0,0,3600,FEASIBLE,3201168.00,3191945.76,0.00288090,3600.00,3600.00,-1.00,-1.00,-1.00,0,-1.00,3201168.00,1,13.0.2,logs/PSC1-C2-100-5_m0_exact_s0_20260711-150317.gurobi.log
20260711-160319,PSC1-C2-50-10,exact,0,0,0,3600,FEASIBLE,3091878.50,2973028.18,0.03843952,3599.98,3600.00,-1.00,-1.00,-1.00,0,-1.00,3075957.00,1,13.0.2,logs/PSC1-C2-50-10_m0_exact_s0_20260711-160319.gurobi.log
20260711-170320,PSC1-C2-50-5,exact,0,0,0,3600,FEASIBLE,1637849.00,1629008.55,0.00539760,3600.00,3600.00,-1.00,-1.00,-1.00,0,-1.00,1637849.00,1,13.0.2,logs/PSC1-C2-50-5_m0_exact_s0_20260711-170320.gurobi.log
20260711-180321,PSC1-C3-100-10,exact,0,0,0,3600,FEASIBLE,52772822.00,50543859.94,0.04223693,3599.42,3600.00,-1.00,-1.00,-1.00,0,-1.00,52764309.00,1,13.0.2,logs/PSC1-C3-100-10_m0_exact_s0_20260711-180321.gurobi.log
20260711-190324,PSC1-C3-100-5,exact,0,0,0,3600,FEASIBLE,26595924.00,25511495.91,0.04077422,3600.00,3600.00,-1.00,-1.00,-1.00,0,-1.00,26590230.00,1,13.0.2,logs/PSC1-C3-100-5_m0_exact_s0_20260711-190324.gurobi.log
20260711-200744,PSC1-C3-50-10,exact,0,0,0,3600,FEASIBLE,25662998.00,25543818.49,0.00464402,3600.00,3600.00,-1.00,-1.00,-1.00,0,-1.00,25662998.00,1,13.0.2,logs/PSC1-C3-50-10_m0_exact_s0_20260711-200744.gurobi.log
20260711-210745,PSC1-C3-50-5,exact,0,0,0,3600,FEASIBLE,13057564.00,12994504.56,0.00482934,3600.00,3600.00,-1.00,-1.00,-1.00,0,-1.00,13057564.00,1,13.0.2,logs/PSC1-C3-50-5_m0_exact_s0_20260711-210745.gurobi.log
20260711-220746,PSC1-C4-100-10,exact,0,0,0,3600,FEASIBLE,9062778.00,6609695.37,0.27067668,3599.44,3600.00,-1.00,-1.00,-1.00,0,-1.00,9049356.00,1,13.0.2,logs/PSC1-C4-100-10_m0_exact_s0_20260711-220746.gurobi.log
20260711-230750,PSC1-C4-100-5,exact,0,0,0,3600,FEASIBLE,4087041.00,3589096.33,0.12183501,3599.86,3600.00,-1.00,-1.00,-1.00,0,-1.00,4082130.00,1,13.0.2,logs/PSC1-C4-100-5_m0_exact_s0_20260711-230750.gurobi.log
20260712-000751,PSC1-C4-50-10,exact,0,0,0,3600,FEASIBLE,4080920.00,3381827.58,0.17130755,3600.00,3600.00,-1.00,-1.00,-1.00,0,-1.00,4074326.00,1,13.0.2,logs/PSC1-C4-50-10_m0_exact_s0_20260712-000751.gurobi.log
20260712-010752,PSC1-C4-50-5,exact,0,0,0,3600,FEASIBLE,1885811.00,1849264.12,0.01937992,3600.00,3600.00,-1.00,-1.00,-1.00,0,-1.00,1885811.00,1,13.0.2,logs/PSC1-C4-50-5_m0_exact_s0_20260712-010752.gurobi.log
20260712-020753,PSC1-C5-100-10,exact,0,0,0,3600,FEASIBLE,53113791.00,50861516.94,0.04240469,3599.39,3600.00,-1.00,-1.00,-1.00,0,-1.00,53100491.00,1,13.0.2,logs/PSC1-C5-100-10_m0_exact_s0_20260712-020753.gurobi.log
20260712-030758,PSC1-C5-100-5,exact,0,0,0,3600,FEASIBLE,26344228.00,25799705.91,0.02066950,3600.00,3600.00,-1.00,-1.00,-1.00,0,-1.00,26336759.00,1,13.0.2,logs/PSC1-C5-100-5_m0_exact_s0_20260712-030758.gurobi.log
20260712-040817,PSC1-C5-50-10,exact,0,0,0,3600,FEASIBLE,25715816.44,25638747.66,0.00299694,3600.00,3600.00,-1.00,-1.00,-1.00,0,-1.00,25715790.00,1,13.0.2,logs/PSC1-C5-50-10_m0_exact_s0_20260712-040817.gurobi.log
20260712-050817,PSC1-C5-50-5,exact,0,0,0,3600,FEASIBLE,13137534.00,13092577.77,0.00342197,3600.00,3600.00,-1.00,-1.00,-1.00,0,-1.00,13137534.00,1,13.0.2,logs/PSC1-C5-50-5_m0_exact_s0_20260712-050817.gurobi.log
20260712-060818,PSC2-C1-100-10,exact,0,0,0,3600,FEASIBLE,6528129.00,6504487.00,0.00362156,3599.75,3600.00,-1.00,-1.00,-1.00,0,-1.00,6528039.00,1,13.0.2,logs/PSC2-C1-100-10_m0_exact_s0_20260712-060818.gurobi.log
20260712-070822,PSC2-C1-100-5,exact,0,0,0,3600,FEASIBLE,3784038.00,3773951.82,0.00266545,3600.00,3600.00,-1.00,-1.00,-1.00,0,-1.00,3784038.00,1,13.0.2,logs/PSC2-C1-100-5_m0_exact_s0_20260712-070822.gurobi.log
20260712-080825,PSC2-C1-50-10,exact,0,0,0,3600,FEASIBLE,3277832.00,3270462.60,0.00224825,3600.00,3600.00,-1.00,-1.00,-1.00,0,-1.00,3277832.00,1,13.0.2,logs/PSC2-C1-50-10_m0_exact_s0_20260712-080825.gurobi.log
20260712-090826,PSC2-C1-50-5,exact,0,0,0,3600,FEASIBLE,1931427.00,1927205.61,0.00218563,3600.00,3600.00,-1.00,-1.00,-1.00,0,-1.00,1931427.00,1,13.0.2,logs/PSC2-C1-50-5_m0_exact_s0_20260712-090826.gurobi.log
20260712-100828,PSC2-C2-100-10,exact,0,0,0,3600,FEASIBLE,6511645.00,5923171.60,0.09037246,3599.24,3600.00,-1.00,-1.00,-1.00,0,-1.00,6509943.00,1,13.0.2,logs/PSC2-C2-100-10_m0_exact_s0_20260712-100828.gurobi.log
20260712-142532,PSC2-C2-100-5,exact,0,0,0,3600,FEASIBLE,3216129.00,3206389.03,0.00302848,3599.99,3600.00,-1.00,-1.00,-1.00,0,-1.00,3216129.00,1,13.0.2,logs/PSC2-C2-100-5_m0_exact_s0_20260712-142532.gurobi.log
20260712-152533,PSC2-C2-50-10,exact,0,0,0,3600,FEASIBLE,3010793.00,2987742.35,0.00765601,3600.00,3600.00,-1.00,-1.00,-1.00,0,-1.00,3010793.00,1,13.0.2,logs/PSC2-C2-50-10_m0_exact_s0_20260712-152533.gurobi.log
20260712-174150,PSC2-C2-50-5,exact,0,0,0,3600,FEASIBLE,1639643.00,1634534.40,0.00311568,3600.00,3600.00,-1.00,-1.00,-1.00,0,-1.00,1639643.00,1,13.0.2,logs/PSC2-C2-50-5_m0_exact_s0_20260712-174150.gurobi.log
20260712-184151,PSC2-C3-100-10,exact,0,0,0,3600,FEASIBLE,52708015.00,50574785.74,0.04047258,3599.14,3600.00,-1.00,-1.00,-1.00,0,-1.00,52699299.00,1,13.0.2,logs/PSC2-C3-100-10_m0_exact_s0_20260712-184151.gurobi.log
20260712-194154,PSC2-C3-100-5,exact,0,0,0,3600,FEASIBLE,26267411.00,25540046.96,0.02769074,3599.81,3600.00,-1.00,-1.00,-1.00,0,-1.00,26256932.00,1,13.0.2,logs/PSC2-C3-100-5_m0_exact_s0_20260712-194154.gurobi.log
20260712-204155,PSC2-C3-50-10,exact,0,0,0,3600,FEASIBLE,25661169.00,25554738.06,0.00414755,3600.00,3600.00,-1.00,-1.00,-1.00,0,-1.00,25661169.00,1,13.0.2,logs/PSC2-C3-50-10_m0_exact_s0_20260712-204155.gurobi.log
20260712-214157,PSC2-C3-50-5,exact,0,0,0,3600,FEASIBLE,13065189.00,13004197.62,0.00466824,3600.00,3600.00,-1.00,-1.00,-1.00,0,-1.00,13065189.00,1,13.0.2,logs/PSC2-C3-50-5_m0_exact_s0_20260712-214157.gurobi.log
20260712-224158,PSC2-C4-100-10,exact,0,0,0,3600,FEASIBLE,8608682.00,6610911.54,0.23206461,3599.19,3600.00,-1.00,-1.00,-1.00,0,-1.00,8595352.00,1,13.0.2,logs/PSC2-C4-100-10_m0_exact_s0_20260712-224158.gurobi.log
20260712-234201,PSC2-C4-100-5,exact,0,0,0,3600,FEASIBLE,3917987.18,3582764.45,0.08555993,3600.00,3600.00,-1.00,-1.00,-1.00,0,-1.00,3881896.00,1,13.0.2,logs/PSC2-C4-100-5_m0_exact_s0_20260712-234201.gurobi.log
20260713-004202,PSC2-C4-50-10,exact,0,0,0,3600,FEASIBLE,3538586.00,3388472.62,0.04242186,3600.00,3600.00,-1.00,-1.00,-1.00,0,-1.00,3538586.00,1,13.0.2,logs/PSC2-C4-50-10_m0_exact_s0_20260713-004202.gurobi.log
20260713-014203,PSC2-C4-50-5,exact,0,0,0,3600,FEASIBLE,1882642.00,1847159.33,0.01884727,3600.00,3600.00,-1.00,-1.00,-1.00,0,-1.00,1882642.00,1,13.0.2,logs/PSC2-C4-50-5_m0_exact_s0_20260713-014203.gurobi.log
20260713-024204,PSC2-C5-100-10,exact,0,0,0,3600,FEASIBLE,52485271.00,50879986.54,0.03058543,3599.21,3600.00,-1.00,-1.00,-1.00,0,-1.00,52470702.00,1,13.0.2,logs/PSC2-C5-100-10_m0_exact_s0_20260713-024204.gurobi.log
20260713-034207,PSC2-C5-100-5,exact,0,0,0,3600,FEASIBLE,25968508.00,25689563.90,0.01074163,3599.76,3600.00,-1.00,-1.00,-1.00,0,-1.00,25957748.00,1,13.0.2,logs/PSC2-C5-100-5_m0_exact_s0_20260713-034207.gurobi.log
20260713-044208,PSC2-C5-50-10,exact,0,0,0,3600,FEASIBLE,25641436.00,25555449.24,0.00335343,3600.00,3600.00,-1.00,-1.00,-1.00,0,-1.00,25641436.00,1,13.0.2,logs/PSC2-C5-50-10_m0_exact_s0_20260713-044208.gurobi.log
20260713-054208,PSC2-C5-50-5,exact,0,0,0,3600,FEASIBLE,13079381.00,13035923.81,0.00332257,3600.00,3600.00,-1.00,-1.00,-1.00,0,-1.00,13079381.00,1,13.0.2,logs/PSC2-C5-50-5_m0_exact_s0_20260713-054208.gurobi.log
20260713-064209,PSC3-C1-100-10,exact,0,0,0,3600,FEASIBLE,6519991.00,6510870.87,0.00139879,3599.97,3600.00,-1.00,-1.00,-1.00,0,-1.00,6519991.00,1,13.0.2,logs/PSC3-C1-100-10_m0_exact_s0_20260713-064209.gurobi.log
20260713-074212,PSC3-C1-100-5,exact,0,0,0,3600,FEASIBLE,3789000.00,3782481.21,0.00172045,3600.00,3600.00,-1.00,-1.00,-1.00,0,-1.00,3789000.00,1,13.0.2,logs/PSC3-C1-100-5_m0_exact_s0_20260713-074212.gurobi.log
20260713-084214,PSC3-C1-50-10,exact,0,0,0,3600,FEASIBLE,3279439.00,3273658.54,0.00176264,3600.00,3600.00,-1.00,-1.00,-1.00,0,-1.00,3279439.00,1,13.0.2,logs/PSC3-C1-50-10_m0_exact_s0_20260713-084214.gurobi.log
20260713-094216,PSC3-C1-50-5,exact,0,0,0,3600,FEASIBLE,1930871.00,1929433.87,0.00074429,3600.00,3600.00,-1.00,-1.00,-1.00,0,-1.00,1930871.00,1,13.0.2,logs/PSC3-C1-50-5_m0_exact_s0_20260713-094216.gurobi.log
20260713-104218,PSC3-C2-100-10,exact,0,0,0,3600,FEASIBLE,6457179.00,5923670.69,0.08262251,3599.21,3600.00,-1.00,-1.00,-1.00,0,-1.00,6455374.00,1,13.0.2,logs/PSC3-C2-100-10_m0_exact_s0_20260713-104218.gurobi.log
20260713-114220,PSC3-C2-100-5,exact,0,0,0,3600,FEASIBLE,3212942.00,3205393.99,0.00234925,3599.88,3600.00,-1.00,-1.00,-1.00,0,-1.00,3212942.00,1,13.0.2,logs/PSC3-C2-100-5_m0_exact_s0_20260713-114220.gurobi.log
20260713-124221,PSC3-C2-50-10,exact,0,0,0,3600,FEASIBLE,3010077.00,2983617.61,0.00879027,3599.94,3600.00,-1.00,-1.00,-1.00,0,-1.00,3010077.00,1,13.0.2,logs/PSC3-C2-50-10_m0_exact_s0_20260713-124221.gurobi.log
20260713-134221,PSC3-C2-50-5,exact,0,0,0,3600,FEASIBLE,1639734.00,1633659.83,0.00370436,3600.00,3600.00,-1.00,-1.00,-1.00,0,-1.00,1639734.00,1,13.0.2,logs/PSC3-C2-50-5_m0_exact_s0_20260713-134221.gurobi.log
20260713-144223,PSC3-C3-100-10,exact,0,0,0,3600,FEASIBLE,52729225.00,50534863.59,0.04161566,3599.08,3600.00,-1.00,-1.00,-1.00,0,-1.00,52718978.00,1,13.0.2,logs/PSC3-C3-100-10_m0_exact_s0_20260713-144223.gurobi.log
20260713-154226,PSC3-C3-100-5,exact,0,0,0,3600,FEASIBLE,26043405.00,25412605.67,0.02422108,3599.76,3600.00,-1.00,-1.00,-1.00,0,-1.00,26037804.00,1,13.0.2,logs/PSC3-C3-100-5_m0_exact_s0_20260713-154226.gurobi.log
20260713-164227,PSC3-C3-50-10,exact,0,0,0,3600,FEASIBLE,25559493.00,25447219.65,0.00439263,3600.00,3600.00,-1.00,-1.00,-1.00,0,-1.00,25559493.00,1,13.0.2,logs/PSC3-C3-50-10_m0_exact_s0_20260713-164227.gurobi.log
20260713-174229,PSC3-C3-50-5,exact,0,0,0,3600,FEASIBLE,12987035.00,12928098.88,0.00453807,3600.00,3600.00,-1.00,-1.00,-1.00,0,-1.00,12987035.00,1,13.0.2,logs/PSC3-C3-50-5_m0_exact_s0_20260713-174229.gurobi.log
20260713-184229,PSC3-C4-100-10,exact,0,0,0,3600,FEASIBLE,8579478.02,6609214.43,0.22964842,3599.21,3600.00,-1.00,-1.00,-1.00,0,-1.00,8566880.00,1,13.0.2,logs/PSC3-C4-100-10_m0_exact_s0_20260713-184229.gurobi.log
20260713-194232,PSC3-C4-100-5,exact,0,0,0,3600,FEASIBLE,3681755.00,3593128.59,0.02407178,3599.83,3598.37,-1.00,-1.00,-1.00,0,-1.00,3681755.00,1,13.0.2,logs/PSC3-C4-100-5_m0_exact_s0_20260713-194232.gurobi.log
20260713-204233,PSC3-C4-50-10,exact,0,0,0,3600,FEASIBLE,4103165.00,3384722.97,0.17509460,3599.99,3600.00,-1.00,-1.00,-1.00,0,-1.00,4095942.00,1,13.0.2,logs/PSC3-C4-50-10_m0_exact_s0_20260713-204233.gurobi.log
20260713-214233,PSC3-C4-50-5,exact,0,0,0,3600,FEASIBLE,1880031.00,1847952.93,0.01706252,3600.00,3600.00,-1.00,-1.00,-1.00,0,-1.00,1880031.00,1,13.0.2,logs/PSC3-C4-50-5_m0_exact_s0_20260713-214233.gurobi.log
20260713-224234,PSC3-C5-100-10,exact,0,0,0,3600,FEASIBLE,52376633.00,50827760.28,0.02957183,3599.21,3600.00,-1.00,-1.00,-1.00,0,-1.00,52363593.00,1,13.0.2,logs/PSC3-C5-100-10_m0_exact_s0_20260713-224234.gurobi.log
20260713-234237,PSC3-C5-100-5,exact,0,0,0,3600,FEASIBLE,26054145.00,25743957.93,0.01190548,3599.83,3600.00,-1.00,-1.00,-1.00,0,-1.00,26042536.00,1,13.0.2,logs/PSC3-C5-100-5_m0_exact_s0_20260713-234237.gurobi.log
20260714-004238,PSC3-C5-50-10,exact,0,0,0,3600,FEASIBLE,25740016.00,25631058.27,0.00423301,3600.00,3600.00,-1.00,-1.00,-1.00,0,-1.00,25740016.00,1,13.0.2,logs/PSC3-C5-50-10_m0_exact_s0_20260714-004238.gurobi.log
20260714-014239,PSC3-C5-50-5,exact,0,0,0,3600,FEASIBLE,13127989.00,13082030.70,0.00350079,3600.00,3600.00,-1.00,-1.00,-1.00,0,-1.00,13127548.00,1,13.0.2,logs/PSC3-C5-50-5_m0_exact_s0_20260714-014239.gurobi.log
20260714-024239,PSC4-C1-100-10,exact,0,0,0,3600,FEASIBLE,6535649.46,6518039.74,0.00269441,3599.77,3600.00,-1.00,-1.00,-1.00,0,-1.00,6535304.00,1,13.0.2,logs/PSC4-C1-100-10_m0_exact_s0_20260714-024239.gurobi.log
20260714-034242,PSC4-C1-100-5,exact,0,0,0,3600,FEASIBLE,3781006.00,3776585.62,0.00116910,3600.00,3600.00,-1.00,-1.00,-1.00,0,-1.00,3781006.00,1,13.0.2,logs/PSC4-C1-100-5_m0_exact_s0_20260714-034242.gurobi.log
20260714-044245,PSC4-C1-50-10,exact,0,0,0,3600,FEASIBLE,3279183.00,3275333.77,0.00117384,3600.00,3600.00,-1.00,-1.00,-1.00,0,-1.00,3279183.00,1,13.0.2,logs/PSC4-C1-50-10_m0_exact_s0_20260714-044245.gurobi.log
20260714-054246,PSC4-C1-50-5,exact,0,0,0,3600,OPTIMAL,1909659.00,1909659.00,0.00000000,642.10,642.47,-1.00,-1.00,-1.00,0,-1.00,1909659.00,1,13.0.2,logs/PSC4-C1-50-5_m0_exact_s0_20260714-054246.gurobi.log
20260714-055328,PSC4-C2-100-10,exact,0,0,0,3600,FEASIBLE,6515616.00,5933535.05,0.08933629,3599.23,3600.00,-1.00,-1.00,-1.00,0,-1.00,6513617.00,1,13.0.2,logs/PSC4-C2-100-10_m0_exact_s0_20260714-055328.gurobi.log
20260714-065330,PSC4-C2-100-5,exact,0,0,0,3600,FEASIBLE,3225783.00,3215875.75,0.00307127,3600.00,3600.00,-1.00,-1.00,-1.00,0,-1.00,3225783.00,1,13.0.2,logs/PSC4-C2-100-5_m0_exact_s0_20260714-065330.gurobi.log
20260714-075331,PSC4-C2-50-10,exact,0,0,0,3600,FEASIBLE,3007179.00,2983693.81,0.00780971,3600.00,3600.00,-1.00,-1.00,-1.00,0,-1.00,3007179.00,1,13.0.2,logs/PSC4-C2-50-10_m0_exact_s0_20260714-075331.gurobi.log
20260714-091754,PSC4-C3-100-10,exact,0,0,0,3600,FEASIBLE,52692152.00,50608932.36,0.03953567,3599.24,3600.00,-1.00,-1.00,-1.00,0,-1.00,52683766.00,1,13.0.2,logs/PSC4-C3-100-10_m0_exact_s0_20260714-091754.gurobi.log
20260714-101758,PSC4-C3-100-5,exact,0,0,0,3600,FEASIBLE,26262772.00,25575863.56,0.02615521,3599.64,3600.00,-1.00,-1.00,-1.00,0,-1.00,26256202.00,1,13.0.2,logs/PSC4-C3-100-5_m0_exact_s0_20260714-101758.gurobi.log
20260714-111758,PSC4-C3-50-10,exact,0,0,0,3600,FEASIBLE,25653500.00,25550482.39,0.00401573,3600.00,3600.00,-1.00,-1.00,-1.00,0,-1.00,25653500.00,1,13.0.2,logs/PSC4-C3-50-10_m0_exact_s0_20260714-111758.gurobi.log
20260714-121800,PSC4-C3-50-5,exact,0,0,0,3600,FEASIBLE,13062003.00,12998150.68,0.00488840,3600.00,3600.00,-1.00,-1.00,-1.00,0,-1.00,13062003.00,1,13.0.2,logs/PSC4-C3-50-5_m0_exact_s0_20260714-121800.gurobi.log
20260714-131801,PSC4-C4-100-10,exact,0,0,0,3600,FEASIBLE,8659706.00,6620806.74,0.23544671,3599.21,3600.00,-1.00,-1.00,-1.00,0,-1.00,8649499.00,1,13.0.2,logs/PSC4-C4-100-10_m0_exact_s0_20260714-131801.gurobi.log
20260714-141804,PSC4-C4-100-5,exact,0,0,0,3600,FEASIBLE,3636368.00,3575010.71,0.01687323,3599.96,3600.00,-1.00,-1.00,-1.00,0,-1.00,3636368.00,1,13.0.2,logs/PSC4-C4-100-5_m0_exact_s0_20260714-141804.gurobi.log
20260714-151805,PSC4-C4-50-10,exact,0,0,0,3600,FEASIBLE,4109608.00,3374651.72,0.17883854,3599.96,3600.00,-1.00,-1.00,-1.00,0,-1.00,4101807.00,1,13.0.2,logs/PSC4-C4-50-10_m0_exact_s0_20260714-151805.gurobi.log
20260714-161805,PSC4-C4-50-5,exact,0,0,0,3600,FEASIBLE,1877617.00,1841470.78,0.01925111,3600.00,3600.00,-1.00,-1.00,-1.00,0,-1.00,1877617.00,1,13.0.2,logs/PSC4-C4-50-5_m0_exact_s0_20260714-161805.gurobi.log
20260714-171806,PSC4-C5-100-10,exact,0,0,0,3600,FEASIBLE,52381243.00,50887331.54,0.02851997,3598.90,3600.00,-1.00,-1.00,-1.00,0,-1.00,52367512.00,1,13.0.2,logs/PSC4-C5-100-10_m0_exact_s0_20260714-171806.gurobi.log
20260714-181810,PSC4-C5-100-5,exact,0,0,0,3600,FEASIBLE,26093878.00,25811167.53,0.01083436,3599.78,3598.70,-1.00,-1.00,-1.00,0,-1.00,26088905.00,1,13.0.2,logs/PSC4-C5-100-5_m0_exact_s0_20260714-181810.gurobi.log
20260714-191811,PSC4-C5-50-10,exact,0,0,0,3600,FEASIBLE,25710759.00,25640416.93,0.00273590,3600.00,3600.00,-1.00,-1.00,-1.00,0,-1.00,25710454.00,1,13.0.2,logs/PSC4-C5-50-10_m0_exact_s0_20260714-191811.gurobi.log
20260714-201811,PSC4-C5-50-5,exact,0,0,0,3600,FEASIBLE,13137160.00,13094914.57,0.00321572,3600.00,3600.00,-1.00,-1.00,-1.00,0,-1.00,13137160.00,1,13.0.2,logs/PSC4-C5-50-5_m0_exact_s0_20260714-201811.gurobi.log
20260714-211812,PSC5-C1-100-10,exact,0,0,0,3600,FEASIBLE,6546927.00,6521704.96,0.00385250,3599.90,3600.00,-1.00,-1.00,-1.00,0,-1.00,6546927.00,1,13.0.2,logs/PSC5-C1-100-10_m0_exact_s0_20260714-211812.gurobi.log
20260714-221815,PSC5-C1-100-5,exact,0,0,0,3600,FEASIBLE,3800903.00,3792869.17,0.00211366,3600.00,3600.00,-1.00,-1.00,-1.00,0,-1.00,3800903.00,1,13.0.2,logs/PSC5-C1-100-5_m0_exact_s0_20260714-221815.gurobi.log
20260714-231817,PSC5-C1-50-10,exact,0,0,0,3600,FEASIBLE,3272952.00,3265491.57,0.00227942,3600.00,3600.00,-1.00,-1.00,-1.00,0,-1.00,3272952.00,1,13.0.2,logs/PSC5-C1-50-10_m0_exact_s0_20260714-231817.gurobi.log
20260715-001818,PSC5-C1-50-5,exact,0,0,0,3600,OPTIMAL,1895151.00,1895151.00,0.00000000,883.11,883.46,-1.00,-1.00,-1.00,0,-1.00,1895151.00,1,13.0.2,logs/PSC5-C1-50-5_m0_exact_s0_20260715-001818.gurobi.log
20260715-003301,PSC5-C2-100-10,exact,0,0,0,3600,FEASIBLE,6373777.00,5908545.04,0.07299157,3599.16,3600.00,-1.00,-1.00,-1.00,0,-1.00,6372120.00,1,13.0.2,logs/PSC5-C2-100-10_m0_exact_s0_20260715-003301.gurobi.log
20260715-013303,PSC5-C2-100-5,exact,0,0,0,3600,FEASIBLE,3199932.00,3195609.88,0.00135069,3600.00,3600.00,-1.00,-1.00,-1.00,0,-1.00,3199932.00,1,13.0.2,logs/PSC5-C2-100-5_m0_exact_s0_20260715-013303.gurobi.log
20260715-023304,PSC5-C2-50-10,exact,0,0,0,3600,FEASIBLE,3007703.00,2981869.77,0.00858902,3599.94,3600.00,-1.00,-1.00,-1.00,0,-1.00,3007703.00,1,13.0.2,logs/PSC5-C2-50-10_m0_exact_s0_20260715-023304.gurobi.log
20260715-033305,PSC5-C2-50-5,exact,0,0,0,3600,FEASIBLE,1639445.00,1633944.73,0.00335496,3600.00,3600.00,-1.00,-1.00,-1.00,0,-1.00,1639445.00,1,13.0.2,logs/PSC5-C2-50-5_m0_exact_s0_20260715-033305.gurobi.log
20260715-074705,PSC4-C2-50-5,exact,0,0,0,3600,FEASIBLE,1644053.00,1636334.57,0.00469476,3600.00,3600.00,-1.00,-1.00,-1.00,0,-1.00,1644053.00,1,13.0.2,logs/PSC4-C2-50-5_m0_exact_s0_20260715-074705.gurobi.log
20260715-084706,PSC5-C3-100-10,exact,0,0,0,3600,FEASIBLE,52665983.00,50532784.77,0.04050429,3599.09,3600.00,-1.00,-1.00,-1.00,0,-1.00,52656473.00,1,13.0.2,logs/PSC5-C3-100-10_m0_exact_s0_20260715-084706.gurobi.log
20260715-094709,PSC5-C3-100-5,exact,0,0,0,3600,FEASIBLE,26230564.00,25496062.45,0.02800174,3599.70,3600.00,-1.00,-1.00,-1.00,0,-1.00,26223470.00,1,13.0.2,logs/PSC5-C3-100-5_m0_exact_s0_20260715-094709.gurobi.log
20260715-104710,PSC5-C3-50-10,exact,0,0,0,3600,FEASIBLE,25618966.00,25507311.18,0.00435829,3600.00,3600.00,-1.00,-1.00,-1.00,0,-1.00,25618966.00,1,13.0.2,logs/PSC5-C3-50-10_m0_exact_s0_20260715-104710.gurobi.log
20260715-114712,PSC5-C3-50-5,exact,0,0,0,3600,FEASIBLE,13018613.00,12953393.62,0.00500970,3600.00,3600.00,-1.00,-1.00,-1.00,0,-1.00,13018613.00,1,13.0.2,logs/PSC5-C3-50-5_m0_exact_s0_20260715-114712.gurobi.log
20260715-124714,PSC5-C4-100-10,exact,0,0,0,3600,FEASIBLE,8625647.07,6613873.56,0.23323160,3599.20,3600.00,-1.00,-1.00,-1.00,0,-1.00,8614692.00,1,13.0.2,logs/PSC5-C4-100-10_m0_exact_s0_20260715-124714.gurobi.log
20260715-134716,PSC5-C4-100-5,exact,0,0,0,3600,FEASIBLE,3868334.62,3586920.39,0.07274816,3599.87,3600.00,-1.00,-1.00,-1.00,0,-1.00,3833278.00,1,13.0.2,logs/PSC5-C4-100-5_m0_exact_s0_20260715-134716.gurobi.log
20260715-144717,PSC5-C4-50-10,exact,0,0,0,3600,FEASIBLE,4071780.00,3379158.62,0.17010285,3599.89,3600.00,-1.00,-1.00,-1.00,0,-1.00,4065848.00,1,13.0.2,logs/PSC5-C4-50-10_m0_exact_s0_20260715-144717.gurobi.log
20260715-154718,PSC5-C4-50-5,exact,0,0,0,3600,FEASIBLE,1883435.00,1848684.04,0.01845084,3600.00,3600.00,-1.00,-1.00,-1.00,0,-1.00,1883435.00,1,13.0.2,logs/PSC5-C4-50-5_m0_exact_s0_20260715-154718.gurobi.log
20260715-164719,PSC5-C5-100-10,exact,0,0,0,3600,FEASIBLE,52497166.00,50846870.65,0.03143589,3599.00,3600.00,-1.00,-1.00,-1.00,0,-1.00,52484944.00,1,13.0.2,logs/PSC5-C5-100-10_m0_exact_s0_20260715-164719.gurobi.log
20260715-174722,PSC5-C5-100-5,exact,0,0,0,3600,FEASIBLE,26049079.00,25753492.62,0.01134729,3599.82,3600.00,-1.00,-1.00,-1.00,0,-1.00,26038952.00,1,13.0.2,logs/PSC5-C5-100-5_m0_exact_s0_20260715-174722.gurobi.log
20260715-184723,PSC5-C5-50-10,exact,0,0,0,3600,FEASIBLE,25678907.00,25599999.04,0.00307287,3600.00,3600.00,-1.00,-1.00,-1.00,0,-1.00,25678907.00,1,13.0.2,logs/PSC5-C5-50-10_m0_exact_s0_20260715-184723.gurobi.log
20260715-194724,PSC5-C5-50-5,exact,0,0,0,3600,FEASIBLE,13097173.00,13051600.87,0.00347954,3600.00,3600.00,-1.00,-1.00,-1.00,0,-1.00,13097173.00,1,13.0.2,logs/PSC5-C5-50-5_m0_exact_s0_20260715-194724.gurobi.log
