instance,nI,nJ,nK,nL,tI,tJ,seed,status,obj,k_used,kstar,nodes,time,timeout,p1,p2i,p2b,p3
kstar_nI10_nJ10_nK30_nL3_tI2_tJ2_s1,10,10,30,3,2,2,1,OPTIMAL,26812,20,4,20075,20.208,0,40,0,3965,6019
kstar_nI10_nJ10_nK30_nL3_tI2_tJ2_s3,10,10,30,3,2,2,3,OPTIMAL,23916,20,4,16279,15.865,0,21,0,7072,1038
kstar_nI10_nJ10_nK30_nL3_tI2_tJ2_s5,10,10,30,3,2,2,5,OPTIMAL,22106,20,4,4199,4.605,0,1,0,2067,25
kstar_nI10_nJ10_nK30_nL3_tI2_tJ2_s10,10,10,30,3,2,2,10,OPTIMAL,25244,20,4,48089,48.100,0,331,0,10705,12993
kstar_nI10_nJ10_nK30_nL3_tI2_tJ2_s2,10,10,30,3,2,2,2,OPTIMAL,27180,20,4,6905,7.880,0,2,0,3450,0
kstar_nI10_nJ10_nK30_nL3_tI2_tJ2_s7,10,10,30,3,2,2,7,OPTIMAL,22617,20,4,17257,17.522,0,17,0,7157,1440
kstar_nI10_nJ10_nK30_nL3_tI2_tJ2_s4,10,10,30,3,2,2,4,OPTIMAL,24831,20,4,11427,14.531,0,3,0,5707,0
kstar_nI10_nJ10_nK30_nL3_tI2_tJ2_s9,10,10,30,3,2,2,9,OPTIMAL,23150,20,4,13285,15.171,0,68,0,4045,2511
kstar_nI10_nJ10_nK30_nL3_tI4_tJ4_s1,10,10,30,3,4,4,1,OPTIMAL,27098,20,8,6323,7.793,0,126,0,3030,0
kstar_nI10_nJ10_nK30_nL3_tI2_tJ2_s6,10,10,30,3,2,2,6,OPTIMAL,22951,20,4,16301,14.902,0,60,0,2094,5993
kstar_nI10_nJ10_nK30_nL3_tI4_tJ4_s3,10,10,30,3,4,4,3,OPTIMAL,26321,20,8,3811,4.728,0,40,0,1861,0
kstar_nI10_nJ10_nK30_nL3_tI4_tJ4_s5,10,10,30,3,4,4,5,OPTIMAL,27327,20,8,5921,7.085,0,59,0,2893,0
kstar_nI10_nJ10_nK30_nL3_tI4_tJ4_s7,10,10,30,3,4,4,7,OPTIMAL,25069,20,8,7573,9.128,0,40,0,3729,0
kstar_nI10_nJ10_nK30_nL3_tI4_tJ4_s9,10,10,30,3,4,4,9,OPTIMAL,23277,20,8,6963,8.760,0,93,0,3385,0
kstar_nI10_nJ10_nK30_nL3_tI2_tJ2_s8,10,10,30,3,2,2,8,OPTIMAL,21694,20,4,29145,26.789,0,80,0,6316,8159
kstar_nI10_nJ10_nK30_nL3_tI6_tJ6_s1,10,10,30,3,6,6,1,OPTIMAL,28904,20,12,1881,2.664,0,224,0,714,0
kstar_nI10_nJ10_nK30_nL3_tI4_tJ4_s10,10,10,30,3,4,4,10,OPTIMAL,22389,20,8,5459,6.746,0,72,0,2199,451
kstar_nI10_nJ10_nK30_nL3_tI6_tJ6_s3,10,10,30,3,6,6,3,OPTIMAL,27333,20,12,4427,5.713,0,384,0,1826,0
kstar_nI10_nJ10_nK30_nL3_tI4_tJ4_s2,10,10,30,3,4,4,2,OPTIMAL,27596,20,8,3601,4.295,0,53,0,1744,0
kstar_nI10_nJ10_nK30_nL3_tI6_tJ6_s5,10,10,30,3,6,6,5,OPTIMAL,25031,20,12,2947,3.605,0,124,0,1345,0
kstar_nI10_nJ10_nK30_nL3_tI6_tJ6_s7,10,10,30,3,6,6,7,OPTIMAL,25321,20,12,2961,4.105,0,127,0,1352,0
kstar_nI10_nJ10_nK30_nL3_tI4_tJ4_s4,10,10,30,3,4,4,4,OPTIMAL,26705,20,8,4881,5.621,0,54,0,2378,1
kstar_nI10_nJ10_nK30_nL3_tI6_tJ6_s9,10,10,30,3,6,6,9,OPTIMAL,31332,20,12,2767,3.829,0,313,0,1069,0
kstar_nI10_nJ10_nK30_nL3_tI8_tJ8_s1,10,10,30,3,8,8,1,OPTIMAL,30684,20,16,293,0.317,0,109,0,36,0
kstar_nI10_nJ10_nK30_nL3_tI8_tJ8_s3,10,10,30,3,8,8,3,OPTIMAL,28683,20,16,903,1.017,0,208,0,241,0
kstar_nI10_nJ10_nK30_nL3_tI8_tJ8_s5,10,10,30,3,8,8,5,OPTIMAL,24998,20,16,829,0.937,0,216,0,197,0
kstar_nI10_nJ10_nK30_nL3_tI8_tJ8_s7,10,10,30,3,8,8,7,OPTIMAL,25781,20,16,1011,1.454,0,80,0,413,7
kstar_nI10_nJ10_nK30_nL3_tI8_tJ8_s9,10,10,30,3,8,8,9,OPTIMAL,27829,20,16,603,0.810,0,159,0,141,0
kstar_nI10_nJ10_nK30_nL3_tI4_tJ4_s6,10,10,30,3,4,4,6,OPTIMAL,23822,20,8,8305,9.639,0,74,0,4072,0
kstar_nI10_nJ10_nK30_nL3_tI4_tJ4_s8,10,10,30,3,4,4,8,OPTIMAL,24824,20,8,6629,8.277,0,62,0,3247,0
kstar_nI10_nJ10_nK30_nL3_tI6_tJ6_s10,10,10,30,3,6,6,10,OPTIMAL,24429,20,12,1905,2.353,0,94,0,856,0
kstar_nI10_nJ10_nK30_nL3_tI6_tJ6_s2,10,10,30,3,6,6,2,OPTIMAL,29902,20,12,1669,2.291,0,76,0,755,0
kstar_nI10_nJ10_nK30_nL3_tI6_tJ6_s4,10,10,30,3,6,6,4,OPTIMAL,25983,20,12,2225,2.821,0,160,0,945,0
kstar_nI10_nJ10_nK30_nL3_tI6_tJ6_s6,10,10,30,3,6,6,6,OPTIMAL,23518,20,12,6117,7.773,0,231,0,2826,0
kstar_nI10_nJ10_nK30_nL3_tI6_tJ6_s8,10,10,30,3,6,6,8,OPTIMAL,25477,20,12,2873,3.784,0,95,0,1337,0
kstar_nI10_nJ10_nK30_nL3_tI8_tJ8_s10,10,10,30,3,8,8,10,OPTIMAL,26907,20,16,1147,1.308,0,222,0,350,0
kstar_nI10_nJ10_nK30_nL3_tI8_tJ8_s2,10,10,30,3,8,8,2,OPTIMAL,33497,20,16,813,0.768,0,300,0,101,0
kstar_nI10_nJ10_nK30_nL3_tI8_tJ8_s4,10,10,30,3,8,8,4,OPTIMAL,24953,20,16,807,0.777,0,291,0,109,0
kstar_nI10_nJ10_nK30_nL3_tI8_tJ8_s6,10,10,30,3,8,8,6,OPTIMAL,28223,20,16,1511,1.668,0,265,0,490,0
kstar_nI10_nJ10_nK30_nL3_tI8_tJ8_s8,10,10,30,3,8,8,8,OPTIMAL,26221,20,16,635,0.692,0,217,0,98,0
kstar_nI12_nJ12_nK30_nL3_tI2_tJ2_s1,12,12,30,3,2,2,1,OPTIMAL,22462,24,4,109899,129.688,0,4,0,54937,0
kstar_nI12_nJ12_nK30_nL3_tI2_tJ2_s10,12,12,30,3,2,2,10,OPTIMAL,27122,24,4,72029,96.391,0,0,0,36007,2
kstar_nI12_nJ12_nK30_nL3_tI2_tJ2_s3,12,12,30,3,2,2,3,OPTIMAL,20702,24,4,53357,69.409,0,1,0,26627,41
kstar_nI12_nJ12_nK30_nL3_tI2_tJ2_s2,12,12,30,3,2,2,2,OPTIMAL,22072,24,4,56575,68.332,0,0,0,28272,3
kstar_nI12_nJ12_nK30_nL3_tI2_tJ2_s4,12,12,30,3,2,2,4,OPTIMAL,22904,24,4,43411,48.822,0,0,0,21263,427
kstar_nI12_nJ12_nK30_nL3_tI2_tJ2_s5,12,12,30,3,2,2,5,OPTIMAL,22798,24,4,60509,76.426,0,29,0,26215,4007
kstar_nI12_nJ12_nK30_nL3_tI2_tJ2_s6,12,12,30,3,2,2,6,OPTIMAL,23882,24,4,67993,84.793,0,3,0,33986,0
kstar_nI12_nJ12_nK30_nL3_tI2_tJ2_s7,12,12,30,3,2,2,7,OPTIMAL,22579,24,4,84517,102.138,0,0,0,41110,1134
kstar_nI12_nJ12_nK30_nL3_tI2_tJ2_s8,12,12,30,3,2,2,8,OPTIMAL,24928,24,4,94711,114.975,0,0,0,47255,86
kstar_nI12_nJ12_nK30_nL3_tI2_tJ2_s9,12,12,30,3,2,2,9,OPTIMAL,21603,24,4,140641,163.828,0,0,0,70308,0
kstar_nI12_nJ12_nK30_nL3_tI4_tJ4_s1,12,12,30,3,4,4,1,OPTIMAL,22170,24,8,86545,111.105,0,730,0,33301,9207
kstar_nI12_nJ12_nK30_nL3_tI4_tJ4_s3,12,12,30,3,4,4,3,OPTIMAL,21407,24,8,51195,67.303,0,141,0,25449,0
kstar_nI12_nJ12_nK30_nL3_tI4_tJ4_s10,12,12,30,3,4,4,10,OPTIMAL,23994,24,8,223831,281.263,0,2871,0,92604,16433
kstar_nI12_nJ12_nK30_nL3_tI4_tJ4_s5,12,12,30,3,4,4,5,OPTIMAL,23499,24,8,62623,91.229,0,165,0,30383,748
kstar_nI12_nJ12_nK30_nL3_tI4_tJ4_s2,12,12,30,3,4,4,2,OPTIMAL,23439,24,8,73015,107.172,0,93,0,36403,0
kstar_nI12_nJ12_nK30_nL3_tI4_tJ4_s7,12,12,30,3,4,4,7,OPTIMAL,22359,24,8,34287,50.644,0,302,0,16826,0
kstar_nI12_nJ12_nK30_nL3_tI4_tJ4_s4,12,12,30,3,4,4,4,OPTIMAL,22436,24,8,36815,49.072,0,67,0,18270,27
kstar_nI12_nJ12_nK30_nL3_tI4_tJ4_s9,12,12,30,3,4,4,9,OPTIMAL,24792,24,8,119301,154.560,0,372,0,59267,0
kstar_nI12_nJ12_nK30_nL3_tI4_tJ4_s6,12,12,30,3,4,4,6,OPTIMAL,20351,24,8,101077,131.090,0,1094,0,44514,4891
kstar_nI12_nJ12_nK30_nL3_tI4_tJ4_s8,12,12,30,3,4,4,8,OPTIMAL,28315,24,8,72623,109.204,0,312,0,35992,0
kstar_nI12_nJ12_nK30_nL3_tI6_tJ6_s10,12,12,30,3,6,6,10,OPTIMAL,21754,24,12,31245,44.339,0,662,0,14956,0
kstar_nI12_nJ12_nK30_nL3_tI6_tJ6_s1,12,12,30,3,6,6,1,OPTIMAL,22021,24,12,115841,165.156,0,3754,0,52873,1278
kstar_nI12_nJ12_nK30_nL3_tI6_tJ6_s3,12,12,30,3,6,6,3,OPTIMAL,24534,24,12,22719,35.671,0,500,0,10400,435
kstar_nI12_nJ12_nK30_nL3_tI6_tJ6_s2,12,12,30,3,6,6,2,OPTIMAL,24405,24,12,31887,47.681,0,693,0,15231,11
kstar_nI12_nJ12_nK30_nL3_tI6_tJ6_s5,12,12,30,3,6,6,5,OPTIMAL,27413,24,12,16287,24.448,0,323,0,7810,0
kstar_nI12_nJ12_nK30_nL3_tI6_tJ6_s4,12,12,30,3,6,6,4,OPTIMAL,26812,24,12,15293,24.500,0,421,0,7214,0
kstar_nI12_nJ12_nK30_nL3_tI6_tJ6_s7,12,12,30,3,6,6,7,OPTIMAL,21558,24,12,21355,30.296,0,240,0,10429,0
kstar_nI12_nJ12_nK30_nL3_tI6_tJ6_s6,12,12,30,3,6,6,6,OPTIMAL,25446,24,12,19491,29.781,0,227,0,9412,99
kstar_nI12_nJ12_nK30_nL3_tI6_tJ6_s9,12,12,30,3,6,6,9,OPTIMAL,22966,24,12,12117,17.158,0,223,0,5803,21
kstar_nI12_nJ12_nK30_nL3_tI6_tJ6_s8,12,12,30,3,6,6,8,OPTIMAL,25498,24,12,21181,32.335,0,756,0,9806,10
kstar_nI12_nJ12_nK30_nL3_tI8_tJ8_s1,12,12,30,3,8,8,1,OPTIMAL,22373,24,16,21611,29.815,0,2359,0,8297,139
kstar_nI12_nJ12_nK30_nL3_tI8_tJ8_s10,12,12,30,3,8,8,10,OPTIMAL,26654,24,16,11329,17.088,0,885,0,4779,0
kstar_nI12_nJ12_nK30_nL3_tI8_tJ8_s2,12,12,30,3,8,8,2,OPTIMAL,21781,24,16,8021,12.384,0,383,0,3622,0
kstar_nI12_nJ12_nK30_nL3_tI8_tJ8_s3,12,12,30,3,8,8,3,OPTIMAL,22459,24,16,12125,17.457,0,1238,0,4820,0
kstar_nI12_nJ12_nK30_nL3_tI8_tJ8_s4,12,12,30,3,8,8,4,OPTIMAL,26351,24,16,9763,12.294,0,2205,0,2672,0
kstar_nI12_nJ12_nK30_nL3_tI8_tJ8_s5,12,12,30,3,8,8,5,OPTIMAL,23133,24,16,10499,14.752,0,841,0,4402,0
kstar_nI12_nJ12_nK30_nL3_tI8_tJ8_s6,12,12,30,3,8,8,6,OPTIMAL,26289,24,16,14107,23.569,0,591,0,6459,0
kstar_nI12_nJ12_nK30_nL3_tI8_tJ8_s7,12,12,30,3,8,8,7,OPTIMAL,24265,24,16,12491,20.070,0,609,0,5632,0
kstar_nI12_nJ12_nK30_nL3_tI8_tJ8_s9,12,12,30,3,8,8,9,OPTIMAL,28366,24,16,6831,10.131,0,1063,0,2347,0
kstar_nI12_nJ12_nK30_nL3_tI8_tJ8_s8,12,12,30,3,8,8,8,OPTIMAL,24240,24,16,23341,34.870,0,835,0,10637,183
kstar_nI14_nJ14_nK30_nL3_tI2_tJ2_s10,14,14,30,3,2,2,10,OPTIMAL,21454,28,4,324419,469.222,0,1,0,162186,0
kstar_nI14_nJ14_nK30_nL3_tI2_tJ2_s1,14,14,30,3,2,2,1,TIMEOUT,20284,28,4,460971,600.000,1,0,0,230309,153
kstar_nI14_nJ14_nK30_nL3_tI2_tJ2_s2,14,14,30,3,2,2,2,TIMEOUT,22133,28,4,483895,600.001,1,244,0,176753,64928
kstar_nI14_nJ14_nK30_nL3_tI2_tJ2_s3,14,14,30,3,2,2,3,TIMEOUT,22494,28,4,455562,600.001,1,0,0,227721,0
kstar_nI14_nJ14_nK30_nL3_tI2_tJ2_s4,14,14,30,3,2,2,4,TIMEOUT,20249,28,4,426366,600.000,1,0,0,209576,3584
kstar_nI14_nJ14_nK30_nL3_tI2_tJ2_s5,14,14,30,3,2,2,5,TIMEOUT,23103,28,4,447637,600.001,1,0,0,223685,102
kstar_nI14_nJ14_nK30_nL3_tI2_tJ2_s6,14,14,30,3,2,2,6,TIMEOUT,20913,28,4,480075,600.001,1,384,0,102961,136661
kstar_nI14_nJ14_nK30_nL3_tI2_tJ2_s7,14,14,30,3,2,2,7,TIMEOUT,21807,28,4,490978,600.000,1,128,0,179805,65527
kstar_nI14_nJ14_nK30_nL3_tI2_tJ2_s8,14,14,30,3,2,2,8,TIMEOUT,20294,28,4,450224,600.001,1,0,0,223684,1389
kstar_nI14_nJ14_nK30_nL3_tI2_tJ2_s9,14,14,30,3,2,2,9,TIMEOUT,23827,28,4,494179,600.001,1,43,0,161502,85524
kstar_nI14_nJ14_nK30_nL3_tI4_tJ4_s1,14,14,30,3,4,4,1,OPTIMAL,17695,28,8,273071,418.272,0,728,0,135790,0
kstar_nI14_nJ14_nK30_nL3_tI4_tJ4_s10,14,14,30,3,4,4,10,TIMEOUT,23456,28,8,389245,600.000,1,134,0,194419,42
kstar_nI14_nJ14_nK30_nL3_tI4_tJ4_s2,14,14,30,3,4,4,2,TIMEOUT,21447,28,8,342797,600.001,1,0,0,171371,0
kstar_nI14_nJ14_nK30_nL3_tI4_tJ4_s3,14,14,30,3,4,4,3,TIMEOUT,20294,28,8,331298,600.000,1,0,0,160026,5601
kstar_nI14_nJ14_nK30_nL3_tI4_tJ4_s4,14,14,30,3,4,4,4,TIMEOUT,18677,28,8,362224,600.000,1,58,0,181029,0
kstar_nI14_nJ14_nK30_nL3_tI4_tJ4_s5,14,14,30,3,4,4,5,TIMEOUT,23551,28,8,347543,600.002,1,137,0,173610,0
