instance,nI,nJ,nK,nL,tI,tJ,seed,kstar_target,md5,status,obj,k_used,kstar,nodes,time,agg,timeout,p1,p2i,p2b,p3,rneg,cap
kstar_nI10_nJ10_nK30_nL3_tI2_tJ2_s1.txt,10,10,30,3,2,2,1,4,bb71bca8b82d8b0264089825cdfaf9e6,OPTIMAL,26812,20,4,20075,16.800,0,0,40,0,3965,6019,0,0
kstar_nI10_nJ10_nK30_nL3_tI2_tJ2_s2.txt,10,10,30,3,2,2,2,4,ffa3a71a07bc45a83233bc612b695113,OPTIMAL,27180,20,4,6905,6.656,0,0,2,0,3450,0,0,0
kstar_nI10_nJ10_nK30_nL3_tI2_tJ2_s3.txt,10,10,30,3,2,2,3,4,6d99514c1bcf9f7adf81f367fd902235,OPTIMAL,23916,20,4,16279,13.662,0,0,21,0,7072,1038,0,0
kstar_nI10_nJ10_nK30_nL3_tI4_tJ4_s1.txt,10,10,30,3,4,4,1,8,2930898dd04a9c759065f3aa80dd810a,OPTIMAL,27098,20,8,6323,6.420,0,0,126,0,3030,0,0,0
kstar_nI10_nJ10_nK30_nL3_tI4_tJ4_s2.txt,10,10,30,3,4,4,2,8,53d4309f49a62f232f318927129bbc68,OPTIMAL,27596,20,8,3601,3.819,0,0,53,0,1744,0,0,0
kstar_nI10_nJ10_nK30_nL3_tI4_tJ4_s3.txt,10,10,30,3,4,4,3,8,56059f126190ce206713997a6ad6b8e8,OPTIMAL,26321,20,8,3811,3.986,0,0,40,0,1861,0,0,0
kstar_nI10_nJ10_nK30_nL3_tI6_tJ6_s1.txt,10,10,30,3,6,6,1,12,1a45ad073de03e1713561632f3889107,OPTIMAL,28904,20,12,1881,2.308,0,0,224,0,714,0,0,0
kstar_nI10_nJ10_nK30_nL3_tI6_tJ6_s2.txt,10,10,30,3,6,6,2,12,fe5eb2c0a0f060538b7290b66503c487,OPTIMAL,29902,20,12,1669,1.950,0,0,76,0,755,0,0,0
kstar_nI10_nJ10_nK30_nL3_tI6_tJ6_s3.txt,10,10,30,3,6,6,3,12,ce8da02f1fc7bb06fe8443a16a103fbb,OPTIMAL,27333,20,12,4427,4.790,0,0,384,0,1826,0,0,0
kstar_nI10_nJ10_nK30_nL3_tI8_tJ8_s1.txt,10,10,30,3,8,8,1,16,2e9616d0a964d5664498d269e599e739,OPTIMAL,30684,20,16,293,0.262,0,0,109,0,36,0,0,0
kstar_nI10_nJ10_nK30_nL3_tI8_tJ8_s2.txt,10,10,30,3,8,8,2,16,cd2634d0136b52f3145809d4e059fbc0,OPTIMAL,33497,20,16,813,0.643,0,0,300,0,101,0,0,0
kstar_nI10_nJ10_nK30_nL3_tI8_tJ8_s3.txt,10,10,30,3,8,8,3,16,0913e1d914345bba6d3cc35f144cc09c,OPTIMAL,28683,20,16,903,0.848,0,0,208,0,241,0,0,0
kstar_nI12_nJ12_nK30_nL3_tI2_tJ2_s1.txt,12,12,30,3,2,2,1,4,9adb7c909885a343bf5037c3ed4de787,TIMEOUT,22636,24,4,59600,60.001,0,1,0,0,29783,0,0,0
kstar_nI12_nJ12_nK30_nL3_tI2_tJ2_s2.txt,12,12,30,3,2,2,2,4,139f05b3d8c0b0ec57d209a0d8377560,OPTIMAL,22072,24,4,56575,58.737,0,0,0,0,28272,3,0,0
kstar_nI12_nJ12_nK30_nL3_tI2_tJ2_s3.txt,12,12,30,3,2,2,3,4,a866ab76f545f4959acfbfb20b0c5eb3,TIMEOUT,20702,24,4,53284,60.001,0,1,0,0,26587,41,0,0
kstar_nI12_nJ12_nK30_nL3_tI4_tJ4_s1.txt,12,12,30,3,4,4,1,8,5979369ec15b12e523bee5ce9e6205cb,TIMEOUT,22668,24,8,56843,60.000,0,1,581,0,18603,9207,0,0
kstar_nI12_nJ12_nK30_nL3_tI4_tJ4_s2.txt,12,12,30,3,4,4,2,8,14f9f05b3c8a38b0a4db3977f60aaa72,TIMEOUT,23439,24,8,48735,60.004,0,1,0,0,24349,0,0,0
kstar_nI12_nJ12_nK30_nL3_tI4_tJ4_s3.txt,12,12,30,3,4,4,3,8,97dc0d999afcca7059f097acade20ca9,OPTIMAL,21407,24,8,51195,57.164,0,0,141,0,25449,0,0,0
kstar_nI12_nJ12_nK30_nL3_tI6_tJ6_s1.txt,12,12,30,3,6,6,1,12,6b3a94387a7c3ab6212cfdb2dd6c3333,TIMEOUT,22497,24,12,50548,60.001,0,1,2348,0,21630,1277,0,0
kstar_nI12_nJ12_nK30_nL3_tI6_tJ6_s2.txt,12,12,30,3,6,6,2,12,30c029ff0d3075b64cbebb3355479384,OPTIMAL,24405,24,12,31887,41.034,0,0,693,0,15231,11,0,0
kstar_nI12_nJ12_nK30_nL3_tI6_tJ6_s3.txt,12,12,30,3,6,6,3,12,762ab1a059c85050ea60e7534fc7b453,OPTIMAL,24534,24,12,22719,31.407,0,0,500,0,10400,435,0,0
kstar_nI12_nJ12_nK30_nL3_tI8_tJ8_s1.txt,12,12,30,3,8,8,1,16,9c0f7949ee2947de1abf5f81900065de,OPTIMAL,22373,24,16,21611,25.613,0,0,2359,0,8297,139,0,0
kstar_nI12_nJ12_nK30_nL3_tI8_tJ8_s2.txt,12,12,30,3,8,8,2,16,b2afdb0493d0e393bc65882f22b0c0d9,OPTIMAL,21781,24,16,8021,10.755,0,0,383,0,3622,0,0,0
kstar_nI12_nJ12_nK30_nL3_tI8_tJ8_s3.txt,12,12,30,3,8,8,3,16,79e9bea2057a40e569859621310e64b2,OPTIMAL,22459,24,16,12125,15.032,0,0,1238,0,4820,0,0,0
kstar_nI14_nJ14_nK30_nL3_tI2_tJ2_s1.txt,14,14,30,3,2,2,1,4,4d4680220e33dd50a2688af4121bd0e0,TIMEOUT,21284,28,4,54982,60.000,0,1,0,0,27358,114,0,0
kstar_nI14_nJ14_nK30_nL3_tI2_tJ2_s2.txt,14,14,30,3,2,2,2,4,d04c01591509755a4c2433c3856d4b6c,TIMEOUT,inf,28,4,69859,60.000,0,1,122,0,0,34796,0,0
kstar_nI14_nJ14_nK30_nL3_tI2_tJ2_s3.txt,14,14,30,3,2,2,3,4,8097eb67a2c4060ee371e0f0e36ff541,TIMEOUT,22828,28,4,53315,60.001,0,1,0,0,26611,0,0,0
kstar_nI14_nJ14_nK30_nL3_tI4_tJ4_s1.txt,14,14,30,3,4,4,1,8,d3ac664f064c74eb81e1ef1d58c0865d,TIMEOUT,18080,28,8,47454,60.000,0,1,0,0,23710,0,0,0
kstar_nI14_nJ14_nK30_nL3_tI4_tJ4_s2.txt,14,14,30,3,4,4,2,8,aa8655f0142a40ddbf38e3595c6d59e7,TIMEOUT,21524,28,8,54130,60.001,0,1,0,0,27039,0,0,0
kstar_nI14_nJ14_nK30_nL3_tI4_tJ4_s3.txt,14,14,30,3,4,4,3,8,59dc543051bbac2fa25039bb7e80994e,TIMEOUT,22053,28,8,55454,60.000,0,1,0,0,22763,4949,0,0
kstar_nI14_nJ14_nK30_nL3_tI6_tJ6_s1.txt,14,14,30,3,6,6,1,12,8514b001fc44fe0e310c877008a9cc4c,TIMEOUT,22104,28,12,45068,60.001,0,1,13,0,22495,2,0,0
kstar_nI14_nJ14_nK30_nL3_tI6_tJ6_s2.txt,14,14,30,3,6,6,2,12,31bb25ac3a249db27f9a313a11bcdc98,TIMEOUT,22931,28,12,48495,60.001,0,1,324,0,17051,6852,0,0
kstar_nI14_nJ14_nK30_nL3_tI6_tJ6_s3.txt,14,14,30,3,6,6,3,12,52ad320ac88ab1f09ed75391e88fed5d,TIMEOUT,23204,28,12,39624,60.000,0,1,163,0,19634,0,0,0
kstar_nI14_nJ14_nK30_nL3_tI8_tJ8_s1.txt,14,14,30,3,8,8,1,16,458d0ac7aaf54169194d51fcf14a575a,TIMEOUT,23312,28,16,38387,60.000,0,1,355,0,18814,0,0,0
kstar_nI14_nJ14_nK30_nL3_tI8_tJ8_s2.txt,14,14,30,3,8,8,2,16,b154021cf5ad79ee5b63420042853c6e,TIMEOUT,22179,28,16,39004,60.000,0,1,831,0,18648,0,0,0
kstar_nI14_nJ14_nK30_nL3_tI8_tJ8_s3.txt,14,14,30,3,8,8,3,16,f357b5d9525f1943fcccc0325f557a71,TIMEOUT,26063,28,16,41553,60.000,0,1,6632,0,13993,127,0,0
kstar_nI15_nJ15_nK30_nL3_tI2_tJ2_s1.txt,15,15,30,3,2,2,1,4,01125bb3b98c1aab7b018154b08e27a4,TIMEOUT,inf,30,4,61142,60.001,0,1,36,0,0,30525,0,0
kstar_nI15_nJ15_nK30_nL3_tI2_tJ2_s2.txt,15,15,30,3,2,2,2,4,462aaa6a6da77103460f0502da72d686,TIMEOUT,23415,30,4,56192,60.001,0,1,0,0,28064,15,0,0
kstar_nI15_nJ15_nK30_nL3_tI2_tJ2_s3.txt,15,15,30,3,2,2,3,4,184ff773686d77e0f076cc5b468c8b2f,TIMEOUT,25054,30,4,52454,60.000,0,1,0,0,26020,187,0,0
kstar_nI15_nJ15_nK30_nL3_tI4_tJ4_s1.txt,15,15,30,3,4,4,1,8,31477f3de467215f9a6b62b38233eb6b,TIMEOUT,24638,30,8,46462,60.001,0,1,0,0,23185,13,0,0
kstar_nI15_nJ15_nK30_nL3_tI4_tJ4_s2.txt,15,15,30,3,4,4,2,8,cd7cae75f624ddd5a50d176b79ea46c7,TIMEOUT,22977,30,8,48459,60.000,0,1,0,0,24211,0,0,0
kstar_nI15_nJ15_nK30_nL3_tI4_tJ4_s3.txt,15,15,30,3,4,4,3,8,48e0df726d176a84d176a194d2a9b12c,TIMEOUT,22066,30,8,44343,60.410,0,1,0,0,22152,0,0,0
kstar_nI15_nJ15_nK30_nL3_tI6_tJ6_s1.txt,15,15,30,3,6,6,1,12,69a81bdf3ead12e3153990d518f18cab,TIMEOUT,24490,30,12,45137,60.000,0,1,33,0,22489,24,0,0
kstar_nI15_nJ15_nK30_nL3_tI6_tJ6_s2.txt,15,15,30,3,6,6,2,12,fdf4cc20b04d8d02c90a852c4d3d6fbf,TIMEOUT,20638,30,12,40598,60.001,0,1,9,0,20277,0,0,0
kstar_nI15_nJ15_nK30_nL3_tI6_tJ6_s3.txt,15,15,30,3,6,6,3,12,5fadef7e63fe3604ff382b27b0bb7ff7,TIMEOUT,18897,30,12,45003,60.001,0,1,0,0,22474,7,0,0
kstar_nI15_nJ15_nK30_nL3_tI8_tJ8_s1.txt,15,15,30,3,8,8,1,16,993c4dccbdfb095e78f41cc4997cb634,TIMEOUT,22747,30,16,34886,60.002,0,1,1087,0,16143,192,0,0
kstar_nI15_nJ15_nK30_nL3_tI8_tJ8_s2.txt,15,15,30,3,8,8,2,16,2f2498891cff4b605ba6f4a2bdf4351f,TIMEOUT,21780,30,16,38186,60.001,0,1,120,0,18956,0,0,0
kstar_nI15_nJ15_nK30_nL3_tI8_tJ8_s3.txt,15,15,30,3,8,8,3,16,bbc799f717d242babc3d4ae9446448e5,TIMEOUT,25975,30,16,35069,60.001,0,1,55,0,17452,10,0,0
kstar_nI20_nJ20_nK100_nL10_tI2_tJ2_s1.txt,20,20,100,10,2,2,1,4,0789434acbb8e11526baae9b20064956,TIMEOUT,134555,40,4,1294,60.017,0,1,0,0,631,0,0,0
kstar_nI20_nJ20_nK100_nL10_tI2_tJ2_s2.txt,20,20,100,10,2,2,2,4,86c46d0e0d82e281e20f716c604018f1,TIMEOUT,129583,40,4,1282,60.020,0,1,0,0,632,0,0,0
kstar_nI20_nJ20_nK100_nL10_tI2_tJ2_s3.txt,20,20,100,10,2,2,3,4,46da5f3ea6e1e6d13d177dc001905b16,TIMEOUT,127650,40,4,1262,60.042,0,1,0,0,615,0,0,0
kstar_nI20_nJ20_nK100_nL10_tI2_tJ2_s4.txt,20,20,100,10,2,2,4,4,6921e44550bbefd752241cf96c4c2f8a,TIMEOUT,126887,40,4,1322,60.008,0,1,0,0,646,0,0,0
kstar_nI20_nJ20_nK100_nL10_tI2_tJ2_s5.txt,20,20,100,10,2,2,5,4,91228ca869b49a1aea1111714a0e2b53,TIMEOUT,129745,40,4,1272,60.007,0,1,0,0,620,0,0,0
kstar_nI20_nJ20_nK100_nL10_tI3_tJ3_s1.txt,20,20,100,10,3,3,1,6,e4af644c0b0f8de419495143c8903391,TIMEOUT,127987,40,6,1290,60.049,0,1,0,0,634,0,0,0
kstar_nI20_nJ20_nK100_nL10_tI3_tJ3_s2.txt,20,20,100,10,3,3,2,6,2956513a062b6c931e4e84b65e595413,TIMEOUT,127389,40,6,1276,60.034,0,1,0,0,628,0,0,0
kstar_nI20_nJ20_nK100_nL10_tI3_tJ3_s3.txt,20,20,100,10,3,3,3,6,d59bb549f0c8dcf14a5ffda7c863ed6c,TIMEOUT,125329,40,6,1322,60.044,0,1,0,0,648,0,0,0
kstar_nI20_nJ20_nK100_nL10_tI3_tJ3_s4.txt,20,20,100,10,3,3,4,6,de63f55180cdca7ba99d97f32245cf5c,TIMEOUT,129942,40,6,1289,60.030,0,1,0,0,634,0,0,0
kstar_nI20_nJ20_nK100_nL10_tI3_tJ3_s5.txt,20,20,100,10,3,3,5,6,f2d7f5126b5931af0fe353943a1e2403,TIMEOUT,130876,40,6,1296,60.033,0,1,0,0,636,0,0,0
kstar_nI20_nJ20_nK100_nL10_tI4_tJ4_s1.txt,20,20,100,10,4,4,1,8,cf07a249b7fbb5d0b869874bbb4a4a6a,TIMEOUT,128135,40,8,1299,60.030,0,1,0,0,636,0,0,0
kstar_nI20_nJ20_nK100_nL10_tI4_tJ4_s2.txt,20,20,100,10,4,4,2,8,3e64cff725e5e87b2196af4c1ddddac7,TIMEOUT,126435,40,8,1311,60.016,0,1,0,0,644,0,0,0
kstar_nI20_nJ20_nK100_nL10_tI4_tJ4_s3.txt,20,20,100,10,4,4,3,8,10a6e5eede18fb322b02508ecb4fd263,TIMEOUT,132458,40,8,1270,60.046,0,1,0,0,623,0,0,0
kstar_nI20_nJ20_nK100_nL10_tI4_tJ4_s4.txt,20,20,100,10,4,4,4,8,41a5cf782cce098a3918211ab1aab5cb,TIMEOUT,126395,40,8,1293,60.042,0,1,0,0,637,0,0,0
kstar_nI20_nJ20_nK100_nL10_tI4_tJ4_s5.txt,20,20,100,10,4,4,5,8,130682f5e1fa165369499d95843a2af5,TIMEOUT,128558,40,8,1264,60.002,0,1,0,0,619,0,0,0
kstar_nI20_nJ20_nK100_nL10_tI5_tJ5_s1.txt,20,20,100,10,5,5,1,10,1549a604d98648e24f580f788a24587e,TIMEOUT,126078,40,10,1298,60.009,0,1,0,0,633,0,0,0
kstar_nI20_nJ20_nK100_nL10_tI5_tJ5_s2.txt,20,20,100,10,5,5,2,10,e501abf002ebd54e3ebe565487d675ac,TIMEOUT,125451,40,10,1265,60.029,0,1,0,0,619,0,0,0
kstar_nI20_nJ20_nK100_nL10_tI5_tJ5_s3.txt,20,20,100,10,5,5,3,10,d7a65214dfa8e5a88103920e219913de,TIMEOUT,129270,40,10,1317,60.005,0,1,0,0,648,0,0,0
kstar_nI20_nJ20_nK100_nL10_tI5_tJ5_s4.txt,20,20,100,10,5,5,4,10,d50e26a8e89a385a70b2c688aa7642cc,TIMEOUT,129254,40,10,1294,60.007,0,1,0,0,629,0,0,0
kstar_nI20_nJ20_nK100_nL10_tI5_tJ5_s5.txt,20,20,100,10,5,5,5,10,967793b0fd0cf35a08466dd84821830a,TIMEOUT,131866,40,10,1274,60.005,0,1,0,0,622,0,0,0
kstar_nI20_nJ20_nK100_nL10_tI6_tJ6_s1.txt,20,20,100,10,6,6,1,12,437c807c2eff526e921d8cbf6d9d5ef5,TIMEOUT,130721,40,12,1262,60.006,0,1,0,0,620,0,0,0
kstar_nI20_nJ20_nK100_nL10_tI6_tJ6_s2.txt,20,20,100,10,6,6,2,12,1aca82b50f9f7735097289032c31cda6,TIMEOUT,131138,40,12,1254,60.017,0,1,0,0,614,0,0,0
kstar_nI20_nJ20_nK100_nL10_tI6_tJ6_s3.txt,20,20,100,10,6,6,3,12,8a192d564990ed700c6e47864987f2fa,TIMEOUT,129687,40,12,1256,60.037,0,1,0,0,614,0,0,0
kstar_nI20_nJ20_nK100_nL10_tI6_tJ6_s4.txt,20,20,100,10,6,6,4,12,f765c44da611b07bfda13f4911b899b9,TIMEOUT,132444,40,12,1305,60.046,0,1,0,0,643,0,0,0
kstar_nI20_nJ20_nK100_nL10_tI6_tJ6_s5.txt,20,20,100,10,6,6,5,12,35da25b85b6eb710c51e045a46cd47d9,TIMEOUT,133575,40,12,1264,60.023,0,1,0,0,619,0,0,0
kstar_nI20_nJ20_nK100_nL5_tI2_tJ2_s1.txt,20,20,100,5,2,2,1,4,7b5b0114f8074b04c98130589470aac2,TIMEOUT,inf,40,4,2915,60.006,0,1,0,0,0,1440,0,0
kstar_nI20_nJ20_nK100_nL5_tI2_tJ2_s2.txt,20,20,100,5,2,2,2,4,bf3bdc969e6ae5b9f4098c13a8cac6ea,TIMEOUT,71053,40,4,2605,60.021,0,1,0,0,1289,0,0,0
kstar_nI20_nJ20_nK100_nL5_tI2_tJ2_s3.txt,20,20,100,5,2,2,3,4,8219732333ca05684b2ac01e37fcdd07,TIMEOUT,70885,40,4,2846,60.002,0,1,0,0,1404,0,0,0
kstar_nI20_nJ20_nK100_nL5_tI2_tJ2_s4.txt,20,20,100,5,2,2,4,4,1c8bee9fb52d0a3b877976b205f4cd19,TIMEOUT,65694,40,4,2667,60.009,0,1,0,0,1321,0,0,0
kstar_nI20_nJ20_nK100_nL5_tI2_tJ2_s5.txt,20,20,100,5,2,2,5,4,af4691f10bdb69d798a5361417b208ef,TIMEOUT,73438,40,4,2729,60.019,0,1,0,0,1352,0,0,0
kstar_nI20_nJ20_nK100_nL5_tI3_tJ3_s1.txt,20,20,100,5,3,3,1,6,eba9f6a1cc8b007b005add7473de13a6,TIMEOUT,75015,40,6,2699,60.010,0,1,0,0,1061,270,0,0
kstar_nI20_nJ20_nK100_nL5_tI3_tJ3_s2.txt,20,20,100,5,3,3,2,6,fae48688735178c08b3549f40328c5b4,TIMEOUT,66079,40,6,2639,60.009,0,1,0,0,1307,0,0,0
kstar_nI20_nJ20_nK100_nL5_tI3_tJ3_s3.txt,20,20,100,5,3,3,3,6,0a6782920e557ea87ad1cc4adae490ba,TIMEOUT,69071,40,6,2582,60.002,0,1,0,0,1275,0,0,0
kstar_nI20_nJ20_nK100_nL5_tI3_tJ3_s4.txt,20,20,100,5,3,3,4,6,b3d31d527390482c2d0bef732bfa0e59,TIMEOUT,inf,40,6,2855,60.016,0,1,0,0,0,1409,0,0
kstar_nI20_nJ20_nK100_nL5_tI3_tJ3_s5.txt,20,20,100,5,3,3,5,6,6a7eb9c8ee513e4f906cec95c203321b,TIMEOUT,72463,40,6,2571,60.014,0,1,0,0,1271,0,0,0
kstar_nI20_nJ20_nK100_nL5_tI4_tJ4_s1.txt,20,20,100,5,4,4,1,8,087e06396c6ffcec8e24fcbb6f09a984,TIMEOUT,70467,40,8,2665,60.004,0,1,0,0,1319,0,0,0
kstar_nI20_nJ20_nK100_nL5_tI4_tJ4_s2.txt,20,20,100,5,4,4,2,8,4f5cab64e404d1e13350d964493334f5,TIMEOUT,74120,40,8,2599,60.002,0,1,0,0,1285,0,0,0
kstar_nI20_nJ20_nK100_nL5_tI4_tJ4_s3.txt,20,20,100,5,4,4,3,8,4bbf790127bb34853e4940fafa02f0a5,TIMEOUT,76602,40,8,2622,60.014,0,1,0,0,1297,0,0,0
kstar_nI20_nJ20_nK100_nL5_tI4_tJ4_s4.txt,20,20,100,5,4,4,4,8,5a2b3a4280beba3d970ace2f2d6a55bd,TIMEOUT,73953,40,8,2673,60.011,0,1,0,0,1320,0,0,0
kstar_nI20_nJ20_nK100_nL5_tI4_tJ4_s5.txt,20,20,100,5,4,4,5,8,c6f119dedf739e93b8a180682a3a3610,TIMEOUT,68857,40,8,2691,60.009,0,1,0,0,1332,0,0,0
kstar_nI20_nJ20_nK100_nL5_tI5_tJ5_s1.txt,20,20,100,5,5,5,1,10,3ead80e11822c0de8477f5e894ed3414,TIMEOUT,73417,40,10,2627,60.024,0,1,0,0,1294,0,0,0
kstar_nI20_nJ20_nK100_nL5_tI5_tJ5_s2.txt,20,20,100,5,5,5,2,10,bf346c2eea6334a6132b1cb65dfdf5ee,TIMEOUT,70234,40,10,2439,60.005,0,1,0,0,1204,0,0,0
kstar_nI20_nJ20_nK100_nL5_tI5_tJ5_s3.txt,20,20,100,5,5,5,3,10,30baf157dfbc16049a5b65854e3a8e43,TIMEOUT,74100,40,10,2581,60.010,0,1,0,0,1276,0,0,0
kstar_nI20_nJ20_nK100_nL5_tI5_tJ5_s4.txt,20,20,100,5,5,5,4,10,65b2e115b12e6c47d2b94d2802d8bba8,TIMEOUT,72758,40,10,2612,60.013,0,1,0,0,1294,0,0,0
kstar_nI20_nJ20_nK100_nL5_tI5_tJ5_s5.txt,20,20,100,5,5,5,5,10,ca4d7ec11dfb1c6e9a76239d44d1612b,TIMEOUT,72324,40,10,2594,60.009,0,1,0,0,1280,0,0,0
kstar_nI20_nJ20_nK100_nL5_tI6_tJ6_s1.txt,20,20,100,5,6,6,1,12,82511af506a48593c2300bb39f619375,TIMEOUT,72034,40,12,2523,60.013,0,1,0,0,1246,0,0,0
kstar_nI20_nJ20_nK100_nL5_tI6_tJ6_s2.txt,20,20,100,5,6,6,2,12,db5106e146a8d48d5b815d76406cefc1,TIMEOUT,71842,40,12,2657,60.016,0,1,0,0,1310,0,0,0
kstar_nI20_nJ20_nK100_nL5_tI6_tJ6_s3.txt,20,20,100,5,6,6,3,12,0cf4ed9504bd01df2b944689a06cd21b,TIMEOUT,78381,40,12,2683,60.020,0,1,0,0,643,682,0,0
kstar_nI20_nJ20_nK100_nL5_tI6_tJ6_s4.txt,20,20,100,5,6,6,4,12,a38c0a21e027fc08fe6a5162e222f54b,TIMEOUT,73066,40,12,2594,60.001,0,1,0,0,1280,0,0,0
kstar_nI20_nJ20_nK100_nL5_tI6_tJ6_s5.txt,20,20,100,5,6,6,5,12,d8a0537ad4e5084ca8450abc4063eb02,TIMEOUT,76736,40,12,2711,60.019,0,1,0,0,1200,134,0,0
kstar_nI20_nJ20_nK30_nL3_tI2_tJ2_s1.txt,20,20,30,3,2,2,1,4,657338569fb86ecf079184480f017fd5,TIMEOUT,21814,40,4,41522,60.001,0,1,0,0,20730,0,0,0
kstar_nI20_nJ20_nK30_nL3_tI2_tJ2_s2.txt,20,20,30,3,2,2,2,4,ef8bd6a87c66597f8f7c97702b5692bd,TIMEOUT,inf,40,4,42298,60.001,0,1,0,0,0,21132,0,0
kstar_nI20_nJ20_nK30_nL3_tI2_tJ2_s3.txt,20,20,30,3,2,2,3,4,0df6daa18eb7451c5b143753de9477f3,TIMEOUT,inf,40,4,44109,60.001,0,1,0,0,0,22038,0,0
kstar_nI20_nJ20_nK30_nL3_tI4_tJ4_s1.txt,20,20,30,3,4,4,1,8,7b6d66b8b510aa19592fb6d9bf3f4502,TIMEOUT,23973,40,8,35221,60.001,0,1,0,0,16367,1221,0,0
kstar_nI20_nJ20_nK30_nL3_tI4_tJ4_s2.txt,20,20,30,3,4,4,2,8,99d9fcfabf27059cccbbef8b4deb14b9,TIMEOUT,22224,40,8,38048,60.001,0,1,0,0,18493,510,0,0
kstar_nI20_nJ20_nK30_nL3_tI4_tJ4_s3.txt,20,20,30,3,4,4,3,8,8dda65555b4759f40ed4bd3b4f6f86a9,TIMEOUT,inf,40,8,37436,60.000,0,1,0,0,0,18700,0,0
kstar_nI20_nJ20_nK30_nL3_tI6_tJ6_s1.txt,20,20,30,3,6,6,1,12,21a4fa6f15dfea98ad6e47bc2592ec00,TIMEOUT,21920,40,12,38580,60.001,0,1,83,0,18625,543,0,0
kstar_nI20_nJ20_nK30_nL3_tI6_tJ6_s2.txt,20,20,30,3,6,6,2,12,4c1279c55bc2529c4998c7430f3c476d,TIMEOUT,23114,40,12,35723,60.002,0,1,3,0,13318,4517,0,0
kstar_nI20_nJ20_nK30_nL3_tI6_tJ6_s3.txt,20,20,30,3,6,6,3,12,02f8d565052f915900ff80be792dd39f,TIMEOUT,22233,40,12,34060,60.001,0,1,0,0,12057,4947,0,0
kstar_nI20_nJ20_nK30_nL3_tI8_tJ8_s1.txt,20,20,30,3,8,8,1,16,0528c91463ce9431c2664b57cb885d79,TIMEOUT,inf,40,16,35109,60.000,0,1,136,0,0,17401,0,0
kstar_nI20_nJ20_nK30_nL3_tI8_tJ8_s2.txt,20,20,30,3,8,8,2,16,a651698689bffaf078ad0fdaee03a2ac,TIMEOUT,20952,40,16,30641,60.001,0,1,108,0,15182,0,0,0
kstar_nI20_nJ20_nK30_nL3_tI8_tJ8_s3.txt,20,20,30,3,8,8,3,16,2698948972b609efb59d0f70d6305213,TIMEOUT,22944,40,16,26426,60.001,0,1,11,0,13184,0,0,0
kstar_nI20_nJ20_nK50_nL10_tI2_tJ2_s1.txt,20,20,50,10,2,2,1,4,5ef676dd605577ec806bbacbf3c72117,TIMEOUT,69135,40,4,4794,60.010,0,1,0,0,2385,0,0,0
kstar_nI20_nJ20_nK50_nL10_tI2_tJ2_s2.txt,20,20,50,10,2,2,2,4,23fd9013d333ee540707abf49f36b75d,TIMEOUT,69194,40,4,4692,60.008,0,1,0,0,2330,0,0,0
kstar_nI20_nJ20_nK50_nL10_tI2_tJ2_s3.txt,20,20,50,10,2,2,3,4,2e50c437f0feca2fce1d1d39ae32cee6,TIMEOUT,72904,40,4,4682,60.007,0,1,0,0,2325,0,0,0
kstar_nI20_nJ20_nK50_nL10_tI2_tJ2_s4.txt,20,20,50,10,2,2,4,4,f03aa187230d3d3a627fced4b76ebc29,TIMEOUT,70043,40,4,4652,60.004,0,1,0,0,2309,0,0,0
kstar_nI20_nJ20_nK50_nL10_tI2_tJ2_s5.txt,20,20,50,10,2,2,5,4,7a0cf556a140ba68f6ca433fef5855ab,TIMEOUT,65483,40,4,4839,60.007,0,1,0,0,2406,0,0,0
kstar_nI20_nJ20_nK50_nL10_tI3_tJ3_s1.txt,20,20,50,10,3,3,1,6,0d3b8f8a93215dccab9664b162093b4f,TIMEOUT,71694,40,6,4624,60.005,0,1,0,0,2300,0,0,0
kstar_nI20_nJ20_nK50_nL10_tI3_tJ3_s2.txt,20,20,50,10,3,3,2,6,3fa9559b260e1b6aa3426cabd92ec447,TIMEOUT,65976,40,6,4821,60.001,0,1,0,0,2399,0,0,0
kstar_nI20_nJ20_nK50_nL10_tI3_tJ3_s3.txt,20,20,50,10,3,3,3,6,9c844034f39925341f53328652eb72c3,TIMEOUT,71622,40,6,4585,60.002,0,1,0,0,2279,0,0,0
kstar_nI20_nJ20_nK50_nL10_tI3_tJ3_s4.txt,20,20,50,10,3,3,4,6,4d20da07a342384568ad8215eb57db36,TIMEOUT,70433,40,6,4640,60.000,0,1,0,0,2306,0,0,0
kstar_nI20_nJ20_nK50_nL10_tI3_tJ3_s5.txt,20,20,50,10,3,3,5,6,29631f3017ec5778d6114195f4e7be85,TIMEOUT,69332,40,6,4809,60.009,0,1,0,0,2389,0,0,0
kstar_nI20_nJ20_nK50_nL10_tI4_tJ4_s1.txt,20,20,50,10,4,4,1,8,92acf1c40de4672e9db4651807ebca5e,TIMEOUT,72176,40,8,4704,60.008,0,1,0,0,2338,0,0,0
kstar_nI20_nJ20_nK50_nL10_tI4_tJ4_s2.txt,20,20,50,10,4,4,2,8,f247be701fdaef07f311941670290517,TIMEOUT,72924,40,8,4524,60.005,0,1,0,0,2245,0,0,0
kstar_nI20_nJ20_nK50_nL10_tI4_tJ4_s3.txt,20,20,50,10,4,4,3,8,ef814bb74a650e8139ae99de0bfa2230,TIMEOUT,73856,40,8,4619,60.011,0,1,0,0,2296,0,0,0
kstar_nI20_nJ20_nK50_nL10_tI4_tJ4_s4.txt,20,20,50,10,4,4,4,8,e77ca97a0711a6a516fab9902b745f2c,TIMEOUT,70871,40,8,4596,60.004,0,1,0,0,2287,0,0,0
kstar_nI20_nJ20_nK50_nL10_tI4_tJ4_s5.txt,20,20,50,10,4,4,5,8,fbfe81ef5a469051320d521b082c1b29,TIMEOUT,72504,40,8,4611,60.007,0,1,0,0,2291,0,0,0
kstar_nI20_nJ20_nK50_nL10_tI5_tJ5_s1.txt,20,20,50,10,5,5,1,10,0df5e5fc17c16a2241054e9cddba6705,TIMEOUT,74551,40,10,4536,60.010,0,1,0,0,2255,0,0,0
kstar_nI20_nJ20_nK50_nL10_tI5_tJ5_s2.txt,20,20,50,10,5,5,2,10,fb7e9511628ebf5b4a39ff10ce8c1d0a,TIMEOUT,70792,40,10,4445,60.011,0,1,0,0,2210,0,0,0
kstar_nI20_nJ20_nK50_nL10_tI5_tJ5_s3.txt,20,20,50,10,5,5,3,10,0b5f712f74c42fd6753ae4862af2413d,TIMEOUT,70059,40,10,4747,60.012,0,1,0,0,2357,0,0,0
kstar_nI20_nJ20_nK50_nL10_tI5_tJ5_s4.txt,20,20,50,10,5,5,4,10,2385f8e2b8a419369d47995b9d191786,TIMEOUT,72848,40,10,4513,60.000,0,1,0,0,2245,0,0,0
kstar_nI20_nJ20_nK50_nL10_tI5_tJ5_s5.txt,20,20,50,10,5,5,5,10,ec4a4467f0fc4977f743584e6c7ae1d9,TIMEOUT,71922,40,10,4620,60.002,0,1,0,0,2295,0,0,0
kstar_nI20_nJ20_nK50_nL10_tI6_tJ6_s1.txt,20,20,50,10,6,6,1,12,ea3969e0886c5fec01348f91afca79d7,TIMEOUT,68016,40,12,4605,60.006,0,1,0,0,2290,0,0,0
kstar_nI20_nJ20_nK50_nL10_tI6_tJ6_s2.txt,20,20,50,10,6,6,2,12,2125e79d56cf587421c85151c5856144,TIMEOUT,71632,40,12,4507,60.008,0,1,0,0,2239,0,0,0
kstar_nI20_nJ20_nK50_nL10_tI6_tJ6_s3.txt,20,20,50,10,6,6,3,12,ddd63def52d8865f0b0792a09852aee1,TIMEOUT,70833,40,12,4600,60.005,0,1,0,0,2284,0,0,0
kstar_nI20_nJ20_nK50_nL10_tI6_tJ6_s4.txt,20,20,50,10,6,6,4,12,77698e8b680e4c9e29a9aa7fe931e0f9,TIMEOUT,65982,40,12,4423,60.013,0,1,0,0,2193,0,0,0
kstar_nI20_nJ20_nK50_nL10_tI6_tJ6_s5.txt,20,20,50,10,6,6,5,12,7a0f3f688cfb807d892898ddbb365e14,TIMEOUT,74106,40,12,4475,60.002,0,1,0,0,2225,0,0,0
kstar_nI20_nJ20_nK50_nL5_tI2_tJ2_s1.txt,20,20,50,5,2,2,1,4,3a4c53156cc4b93c29e24f0d4daa8772,TIMEOUT,39021,40,4,9731,60.003,0,1,0,0,4852,0,0,0
kstar_nI20_nJ20_nK50_nL5_tI2_tJ2_s2.txt,20,20,50,5,2,2,2,4,ff38c6a7f98a06fafe01c829071cba16,TIMEOUT,inf,40,4,10731,60.001,0,1,0,0,0,5348,0,0
kstar_nI20_nJ20_nK50_nL5_tI2_tJ2_s3.txt,20,20,50,5,2,2,3,4,b0885f69873ff2a2c4de3d51b8592eb7,TIMEOUT,39903,40,4,9735,60.002,0,1,0,0,4849,0,0,0
kstar_nI20_nJ20_nK50_nL5_tI2_tJ2_s4.txt,20,20,50,5,2,2,4,4,6295d49f16426ff80d73780c9fc4c08b,TIMEOUT,38744,40,4,9669,60.001,0,1,0,0,4819,0,0,0
kstar_nI20_nJ20_nK50_nL5_tI2_tJ2_s5.txt,20,20,50,5,2,2,5,4,9164445cbf3a8180e89b8492f5dca373,TIMEOUT,37390,40,4,10136,60.004,0,1,0,0,5053,0,0,0
kstar_nI20_nJ20_nK50_nL5_tI3_tJ3_s1.txt,20,20,50,5,3,3,1,6,caeab8772483653c578abf20b90942ad,TIMEOUT,40385,40,6,10067,60.003,0,1,0,0,5018,0,0,0
kstar_nI20_nJ20_nK50_nL5_tI3_tJ3_s2.txt,20,20,50,5,3,3,2,6,15003c4c12f3d8ead5546efc20c6fe57,TIMEOUT,45239,40,6,9474,60.001,0,1,0,0,4718,0,0,0
kstar_nI20_nJ20_nK50_nL5_tI3_tJ3_s3.txt,20,20,50,5,3,3,3,6,d892a41c9bffafcc5554b447582c0e5a,TIMEOUT,39172,40,6,9830,60.005,0,1,0,0,4852,48,0,0
kstar_nI20_nJ20_nK50_nL5_tI3_tJ3_s4.txt,20,20,50,5,3,3,4,6,51eec8cf4c45361820b5285ab0da7517,TIMEOUT,40883,40,6,9093,60.001,0,1,0,0,4507,24,0,0
kstar_nI20_nJ20_nK50_nL5_tI3_tJ3_s5.txt,20,20,50,5,3,3,5,6,5036ecfbd200ab81b3957e18755c0408,TIMEOUT,inf,40,6,10550,60.004,0,1,0,0,0,5257,0,0
kstar_nI20_nJ20_nK50_nL5_tI4_tJ4_s1.txt,20,20,50,5,4,4,1,8,dc587aff3434cd9a3fc94df5cfb66870,TIMEOUT,38198,40,8,9526,60.006,0,1,0,0,4746,0,0,0
kstar_nI20_nJ20_nK50_nL5_tI4_tJ4_s2.txt,20,20,50,5,4,4,2,8,d9bd2b93e5ae624a5f22b6806f23bc49,TIMEOUT,43442,40,8,8918,60.001,0,1,0,0,4440,0,0,0
kstar_nI20_nJ20_nK50_nL5_tI4_tJ4_s3.txt,20,20,50,5,4,4,3,8,f4253e38adb4035a804783f66115b851,TIMEOUT,41416,40,8,9369,60.001,0,1,0,0,4665,0,0,0
kstar_nI20_nJ20_nK50_nL5_tI4_tJ4_s4.txt,20,20,50,5,4,4,4,8,d101b26d5734279a2e809395b75f5204,TIMEOUT,42276,40,8,9078,60.001,0,1,0,0,4518,0,0,0
kstar_nI20_nJ20_nK50_nL5_tI4_tJ4_s5.txt,20,20,50,5,4,4,5,8,c7a71ab4c2acd286bd90858d9473701b,TIMEOUT,42096,40,8,9612,60.004,0,1,0,0,4706,79,0,0
kstar_nI20_nJ20_nK50_nL5_tI5_tJ5_s1.txt,20,20,50,5,5,5,1,10,3984eff08e46d2eb09d94eea2313f68d,TIMEOUT,41312,40,10,8977,60.001,0,1,0,0,4473,0,0,0
kstar_nI20_nJ20_nK50_nL5_tI5_tJ5_s2.txt,20,20,50,5,5,5,2,10,28fce732351bcbd2f0d315359db5347e,TIMEOUT,45057,40,10,9161,60.005,0,1,0,0,4557,0,0,0
kstar_nI20_nJ20_nK50_nL5_tI5_tJ5_s3.txt,20,20,50,5,5,5,3,10,a627f45c7d381a0406ed366a565729ea,TIMEOUT,46872,40,10,9733,60.006,0,1,0,0,1572,3273,0,0
kstar_nI20_nJ20_nK50_nL5_tI5_tJ5_s4.txt,20,20,50,5,5,5,4,10,e71698f9fea4eb247b1b68df28dcd5e2,TIMEOUT,44505,40,10,9027,60.006,0,1,0,0,4474,23,0,0
kstar_nI20_nJ20_nK50_nL5_tI5_tJ5_s5.txt,20,20,50,5,5,5,5,10,6bfe7d7e0d720b905603317235a5e347,TIMEOUT,41875,40,10,9404,60.004,0,1,0,0,1487,3195,0,0
kstar_nI20_nJ20_nK50_nL5_tI6_tJ6_s1.txt,20,20,50,5,6,6,1,12,3c3f7872381cd170bcb3727ba6b6c2c7,TIMEOUT,38511,40,12,9152,60.005,0,1,0,0,4557,0,0,0
kstar_nI20_nJ20_nK50_nL5_tI6_tJ6_s2.txt,20,20,50,5,6,6,2,12,2966ecff87f0d614c752536c77564cae,TIMEOUT,39227,40,12,8997,60.006,0,1,0,0,4480,0,0,0
kstar_nI20_nJ20_nK50_nL5_tI6_tJ6_s3.txt,20,20,50,5,6,6,3,12,b1a210520abececdbc475e132099b613,TIMEOUT,41820,40,12,9076,60.006,0,1,0,0,4520,0,0,0
kstar_nI20_nJ20_nK50_nL5_tI6_tJ6_s4.txt,20,20,50,5,6,6,4,12,dc7bc81db8b0745be719dadfa4444d2a,TIMEOUT,38787,40,12,8664,60.005,0,1,0,0,4314,0,0,0
kstar_nI20_nJ20_nK50_nL5_tI6_tJ6_s5.txt,20,20,50,5,6,6,5,12,de0544493fec41288249e4c47a59ca28,TIMEOUT,40381,40,12,9184,60.006,0,1,0,0,4569,0,0,0
kstar_nI20_nJ40_nK100_nL10_tI2_tJ2_s1.txt,20,40,100,10,2,2,1,4,a6e881949e33327b8470ba17fcc05ff2,TIMEOUT,95369,60,4,874,60.039,0,1,0,0,411,0,0,0
kstar_nI20_nJ40_nK100_nL10_tI2_tJ2_s2.txt,20,40,100,10,2,2,2,4,166b3380fe2f7a0b4fd56df5b424e68e,TIMEOUT,96802,60,4,900,60.018,0,1,0,0,424,0,0,0
kstar_nI20_nJ40_nK100_nL10_tI2_tJ2_s3.txt,20,40,100,10,2,2,3,4,f16b7c8cc82774ce666f1f7739951708,TIMEOUT,97209,60,4,885,60.051,0,1,0,0,417,0,0,0
kstar_nI20_nJ40_nK100_nL10_tI2_tJ2_s4.txt,20,40,100,10,2,2,4,4,12fb769716c177cdeeb81e003089b7fd,TIMEOUT,101444,60,4,906,60.058,0,1,0,0,424,0,0,0
kstar_nI20_nJ40_nK100_nL10_tI2_tJ2_s5.txt,20,40,100,10,2,2,5,4,12b07f1d4c493e0c5f326efce2d09f9e,TIMEOUT,96665,60,4,888,60.020,0,1,0,0,416,0,0,0
kstar_nI20_nJ40_nK100_nL10_tI3_tJ3_s1.txt,20,40,100,10,3,3,1,6,33d0449029a6658170fce658443b9e11,TIMEOUT,96594,60,6,874,60.038,0,1,0,0,412,0,0,0
kstar_nI20_nJ40_nK100_nL10_tI3_tJ3_s2.txt,20,40,100,10,3,3,2,6,4bf1add2ee35b4dc7b89947faf35c659,TIMEOUT,101647,60,6,902,60.058,0,1,0,0,424,0,0,0
kstar_nI20_nJ40_nK100_nL10_tI3_tJ3_s3.txt,20,40,100,10,3,3,3,6,16a98ba78b2c6db28f2a22f14689ecd7,TIMEOUT,94259,60,6,892,60.030,0,1,0,0,421,0,0,0
kstar_nI20_nJ40_nK100_nL10_tI3_tJ3_s4.txt,20,40,100,10,3,3,4,6,b9003964ff87da82680297c3dbc959a1,TIMEOUT,97492,60,6,891,60.049,0,1,0,0,420,0,0,0
kstar_nI20_nJ40_nK100_nL10_tI3_tJ3_s5.txt,20,40,100,10,3,3,5,6,b8e7aa17a51c013749d6ef10164c0f2d,TIMEOUT,97789,60,6,895,60.056,0,1,0,0,421,0,0,0
kstar_nI20_nJ40_nK100_nL10_tI4_tJ4_s1.txt,20,40,100,10,4,4,1,8,fb7dce4fb5992d46eebcd374f583bfb6,TIMEOUT,94389,60,8,867,60.034,0,1,0,0,408,0,0,0
kstar_nI20_nJ40_nK100_nL10_tI4_tJ4_s2.txt,20,40,100,10,4,4,2,8,47d46bddd0ba725687d92c69973e8f63,TIMEOUT,101722,60,8,901,60.032,0,1,0,0,424,0,0,0
kstar_nI20_nJ40_nK100_nL10_tI4_tJ4_s3.txt,20,40,100,10,4,4,3,8,c79fa0bf9801e08264912a632719349e,TIMEOUT,99118,60,8,882,60.000,0,1,0,0,413,0,0,0
kstar_nI20_nJ40_nK100_nL10_tI4_tJ4_s4.txt,20,40,100,10,4,4,4,8,264d4529463a2a1b016d3839d00239fe,TIMEOUT,101781,60,8,884,60.014,0,1,0,0,417,0,0,0
kstar_nI20_nJ40_nK100_nL10_tI4_tJ4_s5.txt,20,40,100,10,4,4,5,8,b7c9c72cc1c6cab1c92b6c4aafae13ba,TIMEOUT,98991,60,8,862,60.045,0,1,0,0,403,0,0,0
kstar_nI20_nJ40_nK100_nL10_tI5_tJ5_s1.txt,20,40,100,10,5,5,1,10,83780219e30364b30957ebb1207efee2,TIMEOUT,98601,60,10,890,60.053,0,1,0,0,417,0,0,0
kstar_nI20_nJ40_nK100_nL10_tI5_tJ5_s2.txt,20,40,100,10,5,5,2,10,aa63249607ed25746792566309271574,TIMEOUT,101023,60,10,882,60.043,0,1,0,0,413,0,0,0
kstar_nI20_nJ40_nK100_nL10_tI5_tJ5_s3.txt,20,40,100,10,5,5,3,10,1f7c8675ddb32cf76db34d339de81451,TIMEOUT,99498,60,10,897,60.061,0,1,0,0,421,0,0,0
kstar_nI20_nJ40_nK100_nL10_tI5_tJ5_s4.txt,20,40,100,10,5,5,4,10,90538e62a5b3c50c0599a5a5151912b3,TIMEOUT,103691,60,10,896,60.001,0,1,0,0,421,0,0,0
kstar_nI20_nJ40_nK100_nL10_tI5_tJ5_s5.txt,20,40,100,10,5,5,5,10,82ee8ea5a527dc9e579b3dc330602ec7,TIMEOUT,95683,60,10,890,60.022,0,1,0,0,418,0,0,0
kstar_nI20_nJ40_nK100_nL10_tI6_tJ6_s1.txt,20,40,100,10,6,6,1,12,f1152ec533125ad2c454f01c40e3cbec,TIMEOUT,97611,60,12,889,60.018,0,1,0,0,418,0,0,0
kstar_nI20_nJ40_nK100_nL10_tI6_tJ6_s2.txt,20,40,100,10,6,6,2,12,6c205dbeedabf195b975179610b52bdd,TIMEOUT,97557,60,12,903,60.056,0,1,0,0,424,0,0,0
kstar_nI20_nJ40_nK100_nL10_tI6_tJ6_s3.txt,20,40,100,10,6,6,3,12,73ca9b4386ab3b10c1295bd3364b89e3,TIMEOUT,96629,60,12,887,60.023,0,1,0,0,417,0,0,0
kstar_nI20_nJ40_nK100_nL10_tI6_tJ6_s4.txt,20,40,100,10,6,6,4,12,064447b53ffa87a3c03fa9f32eecafd1,TIMEOUT,98036,60,12,886,60.045,0,1,0,0,417,0,0,0
kstar_nI20_nJ40_nK100_nL10_tI6_tJ6_s5.txt,20,40,100,10,6,6,5,12,e998e055aff8163cb42bbed61b06a862,TIMEOUT,97203,60,12,883,60.009,0,1,0,0,414,0,0,0
kstar_nI20_nJ40_nK100_nL5_tI2_tJ2_s1.txt,20,40,100,5,2,2,1,4,0000124c9899096328f6bfc4e4fcc54c,TIMEOUT,59843,60,4,1779,60.018,0,1,0,0,855,0,0,0
kstar_nI20_nJ40_nK100_nL5_tI2_tJ2_s2.txt,20,40,100,5,2,2,2,4,1cc13e574ce9bcc7fd1fe7f7c644f96f,TIMEOUT,59572,60,4,1817,60.030,0,1,0,0,878,0,0,0
kstar_nI20_nJ40_nK100_nL5_tI2_tJ2_s3.txt,20,40,100,5,2,2,3,4,d678161a459741c3b82df264812e948c,TIMEOUT,57835,60,4,1844,60.028,0,1,0,0,895,0,0,0
kstar_nI20_nJ40_nK100_nL5_tI2_tJ2_s4.txt,20,40,100,5,2,2,4,4,46dc5f8cab422284242df30dbd942247,TIMEOUT,56924,60,4,1751,60.027,0,1,0,0,843,0,0,0
kstar_nI20_nJ40_nK100_nL5_tI2_tJ2_s5.txt,20,40,100,5,2,2,5,4,c386f6f5923d1fadfcb5050164402346,TIMEOUT,56929,60,4,1842,60.015,0,1,0,0,887,0,0,0
kstar_nI20_nJ40_nK100_nL5_tI3_tJ3_s1.txt,20,40,100,5,3,3,1,6,a8b5e7ced59dd199a09027ada3b80487,TIMEOUT,56738,60,6,1787,60.019,0,1,0,0,858,0,0,0
kstar_nI20_nJ40_nK100_nL5_tI3_tJ3_s2.txt,20,40,100,5,3,3,2,6,d3be23647d3739537de471d33822f434,TIMEOUT,55857,60,6,1806,60.006,0,1,0,0,876,0,0,0
kstar_nI20_nJ40_nK100_nL5_tI3_tJ3_s3.txt,20,40,100,5,3,3,3,6,a38d33f4ea87d0b0b16f8128bf510dea,TIMEOUT,53385,60,6,1782,60.020,0,1,0,0,860,0,0,0
kstar_nI20_nJ40_nK100_nL5_tI3_tJ3_s4.txt,20,40,100,5,3,3,4,6,7dc08c91c9b4cc80845bb7ba827efd19,TIMEOUT,60435,60,6,1768,60.004,0,1,0,0,805,50,0,0
kstar_nI20_nJ40_nK100_nL5_tI3_tJ3_s5.txt,20,40,100,5,3,3,5,6,16a1a9578238f57a06aee7beea900670,TIMEOUT,57305,60,6,1759,60.030,0,1,0,0,851,0,0,0
kstar_nI20_nJ40_nK100_nL5_tI4_tJ4_s1.txt,20,40,100,5,4,4,1,8,45a89eafe3bd3355613bbaf13c6ab3b0,TIMEOUT,57824,60,8,1781,60.021,0,1,0,0,858,0,0,0
kstar_nI20_nJ40_nK100_nL5_tI4_tJ4_s2.txt,20,40,100,5,4,4,2,8,706f1cec5c91daf02a2ba843a38e7507,TIMEOUT,56195,60,8,1779,60.029,0,1,0,0,856,0,0,0
kstar_nI20_nJ40_nK100_nL5_tI4_tJ4_s3.txt,20,40,100,5,4,4,3,8,b88ada73295ac3db2ce2424ad7073973,TIMEOUT,58553,60,8,1786,60.002,0,1,0,0,864,0,0,0
kstar_nI20_nJ40_nK100_nL5_tI4_tJ4_s4.txt,20,40,100,5,4,4,4,8,d4577c03c4cf80cbff68fc4d8d562af4,TIMEOUT,59640,60,8,1782,60.023,0,1,0,0,860,0,0,0
kstar_nI20_nJ40_nK100_nL5_tI4_tJ4_s5.txt,20,40,100,5,4,4,5,8,9ea24c146f5c52ec4c397560550bedfb,TIMEOUT,54836,60,8,1819,60.020,0,1,0,0,880,0,0,0
kstar_nI20_nJ40_nK100_nL5_tI5_tJ5_s1.txt,20,40,100,5,5,5,1,10,7d0c52993599761b3475d7e8f7ab963b,TIMEOUT,56185,60,10,1815,60.027,0,1,0,0,875,0,0,0
kstar_nI20_nJ40_nK100_nL5_tI5_tJ5_s2.txt,20,40,100,5,5,5,2,10,950d506749fc366b56fb85cc93771c72,TIMEOUT,54638,60,10,1760,60.027,0,1,0,0,843,0,0,0
kstar_nI20_nJ40_nK100_nL5_tI5_tJ5_s3.txt,20,40,100,5,5,5,3,10,4a1d80f4309a7f1864cfff2f586388cd,TIMEOUT,61752,60,10,1726,60.010,0,1,0,0,832,0,0,0
kstar_nI20_nJ40_nK100_nL5_tI5_tJ5_s4.txt,20,40,100,5,5,5,4,10,a49836c094177d9772a16b06f8f60b73,TIMEOUT,61245,60,10,1724,60.020,0,1,0,0,833,0,0,0
kstar_nI20_nJ40_nK100_nL5_tI5_tJ5_s5.txt,20,40,100,5,5,5,5,10,5a6cfa6e5cc02da88ac05aa72bc4049e,TIMEOUT,56452,60,10,1760,60.024,0,1,0,0,849,0,0,0
kstar_nI20_nJ40_nK100_nL5_tI6_tJ6_s1.txt,20,40,100,5,6,6,1,12,26726e71f03a0a75467b9be4ccc28f45,TIMEOUT,60023,60,12,1725,60.005,0,1,0,0,835,0,0,0
kstar_nI20_nJ40_nK100_nL5_tI6_tJ6_s2.txt,20,40,100,5,6,6,2,12,0daacb7a3141449d030abb995059f9d3,TIMEOUT,56829,60,12,1760,60.005,0,1,0,0,850,0,0,0
kstar_nI20_nJ40_nK100_nL5_tI6_tJ6_s3.txt,20,40,100,5,6,6,3,12,55da50dc375c3e1011528328fdc8ca51,TIMEOUT,56425,60,12,1748,60.035,0,1,0,0,845,0,0,0
kstar_nI20_nJ40_nK100_nL5_tI6_tJ6_s4.txt,20,40,100,5,6,6,4,12,411fdd2de8409718d04cead5a64447db,TIMEOUT,55917,60,12,1842,60.012,0,1,0,0,890,0,0,0
kstar_nI20_nJ40_nK100_nL5_tI6_tJ6_s5.txt,20,40,100,5,6,6,5,12,9695d86a046bac86ea0e1eeb89395c2e,TIMEOUT,60515,60,12,1766,60.005,0,1,0,0,845,0,0,0
kstar_nI20_nJ40_nK50_nL10_tI2_tJ2_s1.txt,20,40,50,10,2,2,1,4,9719dd2e9be88c32a1eaea771e6e2549,TIMEOUT,58584,60,4,3036,60.014,0,1,0,0,1491,0,0,0
kstar_nI20_nJ40_nK50_nL10_tI2_tJ2_s2.txt,20,40,50,10,2,2,2,4,e325ce5a404c18e09f80c7480f10e38f,TIMEOUT,59150,60,4,3045,60.016,0,1,0,0,1489,0,0,0
kstar_nI20_nJ40_nK50_nL10_tI2_tJ2_s3.txt,20,40,50,10,2,2,3,4,7d2274c545380e99edc3f98c0317f137,TIMEOUT,58152,60,4,3027,60.008,0,1,0,0,1482,0,0,0
kstar_nI20_nJ40_nK50_nL10_tI2_tJ2_s4.txt,20,40,50,10,2,2,4,4,d3bec7459565c3aca966af0c6a5b0989,TIMEOUT,56280,60,4,2954,60.012,0,1,0,0,1446,0,0,0
kstar_nI20_nJ40_nK50_nL10_tI2_tJ2_s5.txt,20,40,50,10,2,2,5,4,f69ec7b97b3ff433c7faca0729f27885,TIMEOUT,54528,60,4,2922,60.014,0,1,0,0,1429,0,0,0
kstar_nI20_nJ40_nK50_nL10_tI3_tJ3_s1.txt,20,40,50,10,3,3,1,6,ce4e13ed18a1bcefa798a9cfe5fc4915,TIMEOUT,56279,60,6,2940,60.008,0,1,0,0,1443,0,0,0
kstar_nI20_nJ40_nK50_nL10_tI3_tJ3_s2.txt,20,40,50,10,3,3,2,6,1a21fad23cec873b173baf4a4dd3cfb3,TIMEOUT,60064,60,6,2910,60.014,0,1,0,0,1427,0,0,0
kstar_nI20_nJ40_nK50_nL10_tI3_tJ3_s3.txt,20,40,50,10,3,3,3,6,2699c9fca7e7bb1c75aee0d08c096c13,TIMEOUT,58554,60,6,2925,60.006,0,1,0,0,1428,0,0,0
kstar_nI20_nJ40_nK50_nL10_tI3_tJ3_s4.txt,20,40,50,10,3,3,4,6,fccfa4cb2e2a386889ee6aba320339a3,TIMEOUT,57261,60,6,2937,60.005,0,1,0,0,1437,0,0,0
kstar_nI20_nJ40_nK50_nL10_tI3_tJ3_s5.txt,20,40,50,10,3,3,5,6,c2d6f02a409b10313fadefd7905055cd,TIMEOUT,57796,60,6,2885,60.020,0,1,0,0,1412,0,0,0
kstar_nI20_nJ40_nK50_nL10_tI4_tJ4_s1.txt,20,40,50,10,4,4,1,8,2dc18d9d70e2a1636ef068036a18fcad,TIMEOUT,57322,60,8,2967,60.010,0,1,0,0,1450,0,0,0
kstar_nI20_nJ40_nK50_nL10_tI4_tJ4_s2.txt,20,40,50,10,4,4,2,8,3f4ee6cfcfa1f9e88a2be1671cff522c,TIMEOUT,59423,60,8,2809,60.010,0,1,0,0,1375,0,0,0
kstar_nI20_nJ40_nK50_nL10_tI4_tJ4_s3.txt,20,40,50,10,4,4,3,8,ea63f6f0a211227979efcef7bbce1a20,TIMEOUT,58897,60,8,2897,60.008,0,1,0,0,1417,0,0,0
kstar_nI20_nJ40_nK50_nL10_tI4_tJ4_s4.txt,20,40,50,10,4,4,4,8,18977baae93d45eebb28af501672d079,TIMEOUT,57286,60,8,2867,60.010,0,1,0,0,1400,0,0,0
kstar_nI20_nJ40_nK50_nL10_tI4_tJ4_s5.txt,20,40,50,10,4,4,5,8,fc049340e4fe8df9278e37bdcbc5c4ac,TIMEOUT,56576,60,8,2930,60.007,0,1,0,0,1434,0,0,0
kstar_nI20_nJ40_nK50_nL10_tI5_tJ5_s1.txt,20,40,50,10,5,5,1,10,d0fad1a2d508dfc33e9be6dce511b0ce,TIMEOUT,56900,60,10,2835,60.006,0,1,0,0,1389,0,0,0
kstar_nI20_nJ40_nK50_nL10_tI5_tJ5_s2.txt,20,40,50,10,5,5,2,10,07ca0502d6d21cff33c3e58a43b1ae76,TIMEOUT,57463,60,10,3054,60.018,0,1,0,0,1496,0,0,0
kstar_nI20_nJ40_nK50_nL10_tI5_tJ5_s3.txt,20,40,50,10,5,5,3,10,db66c2f51674e527cdab134b07dc56eb,TIMEOUT,55502,60,10,3035,60.015,0,1,0,0,1479,0,0,0
kstar_nI20_nJ40_nK50_nL10_tI5_tJ5_s4.txt,20,40,50,10,5,5,4,10,978421a5b6563892029389ec670c106c,TIMEOUT,56595,60,10,2878,60.004,0,1,0,0,1412,0,0,0
kstar_nI20_nJ40_nK50_nL10_tI5_tJ5_s5.txt,20,40,50,10,5,5,5,10,8684164098ab71cb6d6d376ac4286d31,TIMEOUT,55138,60,10,2906,60.001,0,1,0,0,1420,0,0,0
kstar_nI20_nJ40_nK50_nL10_tI6_tJ6_s1.txt,20,40,50,10,6,6,1,12,c29fc37003582e0580a7b0b6fba2ffcb,TIMEOUT,58017,60,12,2864,60.011,0,1,0,0,1401,0,0,0
kstar_nI20_nJ40_nK50_nL10_tI6_tJ6_s2.txt,20,40,50,10,6,6,2,12,ad086c9c57d0fa6b15d09eddf6872bda,TIMEOUT,60481,60,12,2705,60.003,0,1,0,0,1321,0,0,0
kstar_nI20_nJ40_nK50_nL10_tI6_tJ6_s3.txt,20,40,50,10,6,6,3,12,16aac2757cf6c0b37cbefccdf08264e9,TIMEOUT,59953,60,12,2783,60.001,0,1,0,0,1363,0,0,0
kstar_nI20_nJ40_nK50_nL10_tI6_tJ6_s4.txt,20,40,50,10,6,6,4,12,fec6fbf30686e3a5db8adf7d2dcdbc66,TIMEOUT,58974,60,12,2855,60.004,0,1,0,0,1391,0,0,0
kstar_nI20_nJ40_nK50_nL10_tI6_tJ6_s5.txt,20,40,50,10,6,6,5,12,837264dc5e629f6771a79effbf6bd0e1,TIMEOUT,58524,60,12,2826,60.003,0,1,0,0,1384,0,0,0
kstar_nI20_nJ40_nK50_nL5_tI2_tJ2_s1.txt,20,40,50,5,2,2,1,4,19c5fc8dada45af00725519293d7b8ed,TIMEOUT,35579,60,4,5561,60.001,0,1,0,0,2730,0,0,0
kstar_nI20_nJ40_nK50_nL5_tI2_tJ2_s2.txt,20,40,50,5,2,2,2,4,fc90512c3f5ab22aa28275e091c01169,TIMEOUT,36019,60,4,6131,60.009,0,1,0,0,3017,0,0,0
kstar_nI20_nJ40_nK50_nL5_tI2_tJ2_s3.txt,20,40,50,5,2,2,3,4,09d71654b44c6ecc80c3b540caa2de8a,TIMEOUT,37636,60,4,5744,60.003,0,1,0,0,2825,0,0,0
kstar_nI20_nJ40_nK50_nL5_tI2_tJ2_s4.txt,20,40,50,5,2,2,4,4,7b004f21a8c2cc8fc8b6ddc3e82f957d,TIMEOUT,35825,60,4,5900,60.010,0,1,0,0,2912,0,0,0
kstar_nI20_nJ40_nK50_nL5_tI2_tJ2_s5.txt,20,40,50,5,2,2,5,4,77007e13af4be6f268c5cf9affe7b0f8,TIMEOUT,38301,60,4,6038,60.008,0,1,0,0,2705,268,0,0
kstar_nI20_nJ40_nK50_nL5_tI3_tJ3_s1.txt,20,40,50,5,3,3,1,6,53119af4b442d0b48da7b26db57fd7f3,TIMEOUT,inf,60,6,5720,60.004,0,1,0,0,0,2832,0,0
kstar_nI20_nJ40_nK50_nL5_tI3_tJ3_s2.txt,20,40,50,5,3,3,2,6,2bf1810eea546bcd82a29e9c57b92ff6,TIMEOUT,36350,60,6,5999,60.008,0,1,0,0,2936,5,0,0
kstar_nI20_nJ40_nK50_nL5_tI3_tJ3_s3.txt,20,40,50,5,3,3,3,6,0955024d59a205e9f6f0fcb21117435a,TIMEOUT,37823,60,6,5805,60.003,0,1,0,0,2424,437,0,0
kstar_nI20_nJ40_nK50_nL5_tI3_tJ3_s4.txt,20,40,50,5,3,3,4,6,9145f502f4e1168d6dbd0f97110a6d6b,TIMEOUT,37562,60,6,6086,60.008,0,1,0,0,2810,172,0,0
kstar_nI20_nJ40_nK50_nL5_tI3_tJ3_s5.txt,20,40,50,5,3,3,5,6,3f42e39d8b2c70839ac800476090f250,TIMEOUT,36923,60,6,5904,60.002,0,1,0,0,2899,0,0,0
kstar_nI20_nJ40_nK50_nL5_tI4_tJ4_s1.txt,20,40,50,5,4,4,1,8,975a4083fe99245713fcd5f24287d24e,TIMEOUT,34093,60,8,5813,60.001,0,1,0,0,2858,0,0,0
kstar_nI20_nJ40_nK50_nL5_tI4_tJ4_s2.txt,20,40,50,5,4,4,2,8,a9819eade544f18d03916af47dd2bf85,TIMEOUT,35637,60,8,5955,60.005,0,1,0,0,2938,0,0,0
kstar_nI20_nJ40_nK50_nL5_tI4_tJ4_s3.txt,20,40,50,5,4,4,3,8,12320b31ddf3e3412449b52e80f46bf4,TIMEOUT,38216,60,8,6007,60.009,0,1,0,0,2961,0,0,0
kstar_nI20_nJ40_nK50_nL5_tI4_tJ4_s4.txt,20,40,50,5,4,4,4,8,bf8cc0ccf74e6ffb99bcc6bf0cbb9a92,TIMEOUT,35199,60,8,5933,60.005,0,1,0,0,2909,0,0,0
kstar_nI20_nJ40_nK50_nL5_tI4_tJ4_s5.txt,20,40,50,5,4,4,5,8,f12029b5aea6eb878aec69bd1aa7c5c6,TIMEOUT,37100,60,8,5869,60.006,0,1,0,0,2890,0,0,0
kstar_nI20_nJ40_nK50_nL5_tI5_tJ5_s1.txt,20,40,50,5,5,5,1,10,20827080fdf9b6e50f66d230bad3af47,TIMEOUT,38425,60,10,5843,60.005,0,1,0,0,2853,17,0,0
kstar_nI20_nJ40_nK50_nL5_tI5_tJ5_s2.txt,20,40,50,5,5,5,2,10,ee807600685117337694c4fa155dacae,TIMEOUT,39036,60,10,5650,60.006,0,1,0,0,2783,0,0,0
kstar_nI20_nJ40_nK50_nL5_tI5_tJ5_s3.txt,20,40,50,5,5,5,3,10,2ed3d02816fb4f913381cd66cc187868,TIMEOUT,35893,60,10,5824,60.008,0,1,0,0,2803,66,0,0
kstar_nI20_nJ40_nK50_nL5_tI5_tJ5_s4.txt,20,40,50,5,5,5,4,10,7743da5d9e1c2954bf756124cf090c8a,TIMEOUT,37778,60,10,5908,60.007,0,1,0,0,2920,0,0,0
kstar_nI20_nJ40_nK50_nL5_tI5_tJ5_s5.txt,20,40,50,5,5,5,5,10,02d2187ee5a61350445eaeaeb224905e,TIMEOUT,38124,60,10,6068,60.005,0,1,0,0,2965,27,0,0
kstar_nI20_nJ40_nK50_nL5_tI6_tJ6_s1.txt,20,40,50,5,6,6,1,12,22ca3966fc0a6c4193ad76f5b429052c,TIMEOUT,37934,60,12,5659,60.010,0,1,0,0,2786,4,0,0
kstar_nI20_nJ40_nK50_nL5_tI6_tJ6_s2.txt,20,40,50,5,6,6,2,12,14aa74cccad222539a0eb305ff9de56b,TIMEOUT,37763,60,12,5674,60.003,0,1,0,0,2797,0,0,0
kstar_nI20_nJ40_nK50_nL5_tI6_tJ6_s3.txt,20,40,50,5,6,6,3,12,df7b97033297b9daa22c94aad3017cc6,TIMEOUT,38194,60,12,5639,60.001,0,1,0,0,2768,0,0,0
kstar_nI20_nJ40_nK50_nL5_tI6_tJ6_s4.txt,20,40,50,5,6,6,4,12,4bde254ae0d7dc4772a9f6133ac4a51b,TIMEOUT,38074,60,12,5576,60.003,0,1,0,0,2326,429,0,0
kstar_nI20_nJ40_nK50_nL5_tI6_tJ6_s5.txt,20,40,50,5,6,6,5,12,a2561b144154d2f0d6987caea05e3fc1,TIMEOUT,38721,60,12,5838,60.009,0,1,0,0,2880,0,0,0
kstar_nI40_nJ20_nK100_nL10_tI2_tJ2_s1.txt,40,20,100,10,2,2,1,4,dfc3548b7132ffd52cb996d37a238c97,TIMEOUT,116925,60,4,1260,60.004,0,1,0,0,605,0,0,0
kstar_nI40_nJ20_nK100_nL10_tI2_tJ2_s2.txt,40,20,100,10,2,2,2,4,19eb5752434325ae4b78cfac0af20828,TIMEOUT,inf,60,4,1295,60.011,0,1,0,0,0,620,0,0
kstar_nI40_nJ20_nK100_nL10_tI2_tJ2_s3.txt,40,20,100,10,2,2,3,4,d9bb3bd0b7e65ad3d8d8790e70157a8e,TIMEOUT,inf,60,4,1370,60.000,0,1,0,0,0,656,0,0
kstar_nI40_nJ20_nK100_nL10_tI2_tJ2_s4.txt,40,20,100,10,2,2,4,4,caf89a89d183bd6e6b8dd01a0ef0754d,TIMEOUT,112945,60,4,1167,60.032,0,1,0,0,557,0,0,0
kstar_nI40_nJ20_nK100_nL10_tI2_tJ2_s5.txt,40,20,100,10,2,2,5,4,db7216198a9e43e90f45a83429f1bb67,TIMEOUT,inf,60,4,1344,60.008,0,1,0,0,0,644,0,0
kstar_nI40_nJ20_nK100_nL10_tI3_tJ3_s1.txt,40,20,100,10,3,3,1,6,0eb7b90d98d753e0ff85ba6712b78374,TIMEOUT,118293,60,6,1176,60.034,0,1,0,0,562,0,0,0
kstar_nI40_nJ20_nK100_nL10_tI3_tJ3_s2.txt,40,20,100,10,3,3,2,6,fe39f658ac1db40ffc01218d4cc80ce6,TIMEOUT,inf,60,6,1357,60.038,0,1,0,0,0,650,0,0
kstar_nI40_nJ20_nK100_nL10_tI3_tJ3_s3.txt,40,20,100,10,3,3,3,6,ab6d0af61ab967a074700b2b826e9e7a,TIMEOUT,inf,60,6,1309,60.041,0,1,0,0,0,627,0,0
kstar_nI40_nJ20_nK100_nL10_tI3_tJ3_s4.txt,40,20,100,10,3,3,4,6,61ef06edd5437ebb9d4f1710a2d7777b,TIMEOUT,120337,60,6,1207,60.039,0,1,0,0,578,0,0,0
kstar_nI40_nJ20_nK100_nL10_tI3_tJ3_s5.txt,40,20,100,10,3,3,5,6,bc2108e85452b4d6505b445c9549bb2d,TIMEOUT,110416,60,6,1198,60.003,0,1,0,0,576,0,0,0
kstar_nI40_nJ20_nK100_nL10_tI4_tJ4_s1.txt,40,20,100,10,4,4,1,8,aef2e53b082e08f1e5b8273a3f82c025,TIMEOUT,inf,60,8,1336,60.009,0,1,0,0,0,640,0,0
kstar_nI40_nJ20_nK100_nL10_tI4_tJ4_s2.txt,40,20,100,10,4,4,2,8,fe3eb86697a485ed7b7720f2100be30a,TIMEOUT,118093,60,8,1234,60.023,0,1,0,0,595,0,0,0
kstar_nI40_nJ20_nK100_nL10_tI4_tJ4_s3.txt,40,20,100,10,4,4,3,8,a8614387ba529121f2cd9fbd6b3d9908,TIMEOUT,inf,60,8,1310,60.001,0,1,0,0,0,628,0,0
kstar_nI40_nJ20_nK100_nL10_tI4_tJ4_s4.txt,40,20,100,10,4,4,4,8,ec47c81270ebf2529e56831c30cabc73,TIMEOUT,114355,60,8,1240,60.003,0,1,0,0,594,0,0,0
kstar_nI40_nJ20_nK100_nL10_tI4_tJ4_s5.txt,40,20,100,10,4,4,5,8,9bd77cec659e6503a793e29fe984892f,TIMEOUT,110931,60,8,1232,60.024,0,1,0,0,594,0,0,0
kstar_nI40_nJ20_nK100_nL10_tI5_tJ5_s1.txt,40,20,100,10,5,5,1,10,d8889857532f74c4d54c14cc5d189924,TIMEOUT,112479,60,10,1210,60.016,0,1,0,0,579,0,0,0
kstar_nI40_nJ20_nK100_nL10_tI5_tJ5_s2.txt,40,20,100,10,5,5,2,10,3c335f59480b312e208c5dbbe597cc2a,TIMEOUT,inf,60,10,1305,60.003,0,1,0,0,0,624,0,0
kstar_nI40_nJ20_nK100_nL10_tI5_tJ5_s3.txt,40,20,100,10,5,5,3,10,10a3b315b7cf1ba8bd77b53500b073ec,TIMEOUT,111037,60,10,1226,60.029,0,1,0,0,588,0,0,0
kstar_nI40_nJ20_nK100_nL10_tI5_tJ5_s4.txt,40,20,100,10,5,5,4,10,c67333e9d4fa9e56948a5fd4deafdc3a,TIMEOUT,128879,60,10,1239,60.025,0,1,0,0,427,160,0,0
kstar_nI40_nJ20_nK100_nL10_tI5_tJ5_s5.txt,40,20,100,10,5,5,5,10,707035b7ebf9cffe67e91d0dbee8d264,TIMEOUT,115377,60,10,1182,60.048,0,1,0,0,566,0,0,0
kstar_nI40_nJ20_nK100_nL10_tI6_tJ6_s1.txt,40,20,100,10,6,6,1,12,11f4e5cbe7286613feb06530ecae7350,TIMEOUT,117783,60,12,1204,60.014,0,1,0,0,578,0,0,0
kstar_nI40_nJ20_nK100_nL10_tI6_tJ6_s2.txt,40,20,100,10,6,6,2,12,44054f435d2a441f5345ab786e1ca66d,TIMEOUT,inf,60,12,1323,60.034,0,1,0,0,0,634,0,0
kstar_nI40_nJ20_nK100_nL10_tI6_tJ6_s3.txt,40,20,100,10,6,6,3,12,f997ee15f669a9f15edd4e55b532c200,TIMEOUT,inf,60,12,1295,60.009,0,1,0,0,0,620,0,0
kstar_nI40_nJ20_nK100_nL10_tI6_tJ6_s4.txt,40,20,100,10,6,6,4,12,5b6b98f3d7557f087d3d2e983d3d7c86,TIMEOUT,118144,60,12,1198,60.043,0,1,0,0,573,0,0,0
kstar_nI40_nJ20_nK100_nL10_tI6_tJ6_s5.txt,40,20,100,10,6,6,5,12,e1f1b30593c8d9ca4089323fada58567,TIMEOUT,inf,60,12,1311,60.016,0,1,0,0,0,628,0,0
kstar_nI40_nJ20_nK100_nL5_tI2_tJ2_s1.txt,40,20,100,5,2,2,1,4,0e860f6fbfe20407a3341e35f5d346e2,TIMEOUT,inf,60,4,2670,60.001,0,1,0,0,0,1308,0,0
kstar_nI40_nJ20_nK100_nL5_tI2_tJ2_s2.txt,40,20,100,5,2,2,2,4,714a6bd3670d713dc7c8f1b9fe7ecd45,TIMEOUT,inf,60,4,2735,60.003,0,1,0,0,0,1340,0,0
kstar_nI40_nJ20_nK100_nL5_tI2_tJ2_s3.txt,40,20,100,5,2,2,3,4,1425389ff8a413219ceb857f1f196b6e,TIMEOUT,inf,60,4,2736,60.007,0,1,0,0,0,1341,0,0
kstar_nI40_nJ20_nK100_nL5_tI2_tJ2_s4.txt,40,20,100,5,2,2,4,4,f48b5db1fbb27afaaa2116da342ae76f,TIMEOUT,inf,60,4,2661,60.023,0,1,0,0,0,1303,0,0
kstar_nI40_nJ20_nK100_nL5_tI2_tJ2_s5.txt,40,20,100,5,2,2,5,4,af278484ed441813c6ab8d48cc6ab0b5,TIMEOUT,inf,60,4,2742,60.010,0,1,0,0,0,1344,0,0
kstar_nI40_nJ20_nK100_nL5_tI3_tJ3_s1.txt,40,20,100,5,3,3,1,6,b370f4fd59108f01e8bb0e2ff0645769,TIMEOUT,inf,60,6,2630,60.006,0,1,0,0,0,1287,0,0
kstar_nI40_nJ20_nK100_nL5_tI3_tJ3_s2.txt,40,20,100,5,3,3,2,6,a741ed481f5fc3226270170b1bc8b28c,TIMEOUT,inf,60,6,2657,60.001,0,1,0,0,0,1300,0,0
kstar_nI40_nJ20_nK100_nL5_tI3_tJ3_s3.txt,40,20,100,5,3,3,3,6,8cef19c5833dcd543bbe06e30b9ded08,TIMEOUT,inf,60,6,2728,60.017,0,1,0,0,0,1336,0,0
kstar_nI40_nJ20_nK100_nL5_tI3_tJ3_s4.txt,40,20,100,5,3,3,4,6,07490bb7693f275d6350b03810100c6f,TIMEOUT,inf,60,6,2654,60.018,0,1,0,0,0,1299,0,0
kstar_nI40_nJ20_nK100_nL5_tI3_tJ3_s5.txt,40,20,100,5,3,3,5,6,95d12164606944767ca01e62b9ebe17f,TIMEOUT,inf,60,6,2753,60.031,0,1,0,0,0,1348,0,0
kstar_nI40_nJ20_nK100_nL5_tI4_tJ4_s1.txt,40,20,100,5,4,4,1,8,d484d757fd5f27f6d850ae721d04ee41,TIMEOUT,inf,60,8,2688,60.000,0,1,0,0,0,1316,0,0
kstar_nI40_nJ20_nK100_nL5_tI4_tJ4_s2.txt,40,20,100,5,4,4,2,8,764e8fa0bc738495ad7a8d4f546a9a22,TIMEOUT,inf,60,8,2695,60.006,0,1,0,0,0,1320,0,0
kstar_nI40_nJ20_nK100_nL5_tI4_tJ4_s3.txt,40,20,100,5,4,4,3,8,78d66b43c471836fdc36cd00297b3de1,TIMEOUT,inf,60,8,2728,60.008,0,1,0,0,0,1336,0,0
kstar_nI40_nJ20_nK100_nL5_tI4_tJ4_s4.txt,40,20,100,5,4,4,4,8,84fdba686fa1f57a13fcd3757298bd5d,TIMEOUT,inf,60,8,2675,60.001,0,1,0,0,0,1310,0,0
kstar_nI40_nJ20_nK100_nL5_tI4_tJ4_s5.txt,40,20,100,5,4,4,5,8,5c1f0cc6f14ab2481f8219b59ae1ff39,TIMEOUT,inf,60,8,2610,60.006,0,1,0,0,0,1279,0,0
kstar_nI40_nJ20_nK100_nL5_tI5_tJ5_s1.txt,40,20,100,5,5,5,1,10,f5d19957dd31490476fb29551a640087,TIMEOUT,inf,60,10,2531,60.021,0,1,0,0,0,1238,0,0
kstar_nI40_nJ20_nK100_nL5_tI5_tJ5_s2.txt,40,20,100,5,5,5,2,10,db4d5a5c5d74228302f214dfccf51479,TIMEOUT,inf,60,10,2604,60.014,0,1,0,0,0,1276,0,0
kstar_nI40_nJ20_nK100_nL5_tI5_tJ5_s3.txt,40,20,100,5,5,5,3,10,c830cb89a6a369ffb93aaeb3cc34b0f6,TIMEOUT,inf,60,10,2610,60.006,0,1,0,0,0,1279,0,0
kstar_nI40_nJ20_nK100_nL5_tI5_tJ5_s4.txt,40,20,100,5,5,5,4,10,7fb76e123c6ab8afc8ed91ad19cbd2c9,TIMEOUT,inf,60,10,2648,60.008,0,1,0,0,0,1296,0,0
kstar_nI40_nJ20_nK100_nL5_tI5_tJ5_s5.txt,40,20,100,5,5,5,5,10,98264bc533af96fbef6eca7f12823289,TIMEOUT,inf,60,10,2548,60.019,0,1,0,0,0,1248,0,0
kstar_nI40_nJ20_nK100_nL5_tI6_tJ6_s1.txt,40,20,100,5,6,6,1,12,edc30d5817bec3348cc9d5fb43c73024,TIMEOUT,inf,60,12,2568,60.011,0,1,0,0,0,1256,0,0
kstar_nI40_nJ20_nK100_nL5_tI6_tJ6_s2.txt,40,20,100,5,6,6,2,12,1cfd80b719ba19c5f9ec6f655e55b095,TIMEOUT,inf,60,12,2542,60.005,0,1,0,0,0,1244,0,0
kstar_nI40_nJ20_nK100_nL5_tI6_tJ6_s3.txt,40,20,100,5,6,6,3,12,d7360e4ee3d945751f350e9009ba7f5b,TIMEOUT,inf,60,12,2550,60.017,0,1,0,0,0,1248,0,0
kstar_nI40_nJ20_nK100_nL5_tI6_tJ6_s4.txt,40,20,100,5,6,6,4,12,42dc8081a23de8add4db9b4a788cebd9,TIMEOUT,inf,60,12,2546,60.012,0,1,0,0,0,1246,0,0
kstar_nI40_nJ20_nK100_nL5_tI6_tJ6_s5.txt,40,20,100,5,6,6,5,12,7e04b3d98696228e8db8874dba61f23f,TIMEOUT,inf,60,12,2651,60.019,0,1,0,0,0,1297,0,0
kstar_nI40_nJ20_nK50_nL10_tI2_tJ2_s1.txt,40,20,50,10,2,2,1,4,f107e90a0090cd50c6d088f9eb03f008,TIMEOUT,69710,60,4,4040,60.012,0,1,0,0,1993,0,0,0
kstar_nI40_nJ20_nK50_nL10_tI2_tJ2_s2.txt,40,20,50,10,2,2,2,4,0cd662c14a8502bb4fce136c4534f895,TIMEOUT,64521,60,4,4069,60.010,0,1,0,0,2010,0,0,0
kstar_nI40_nJ20_nK50_nL10_tI2_tJ2_s3.txt,40,20,50,10,2,2,3,4,7f83b75dcdd922d56d8f2e69ce5bc8ae,TIMEOUT,inf,60,4,4865,60.001,0,1,0,0,0,2405,0,0
kstar_nI40_nJ20_nK50_nL10_tI2_tJ2_s4.txt,40,20,50,10,2,2,4,4,198cd87932b2670a694e6ecf3bec5d9d,TIMEOUT,68198,60,4,4317,60.007,0,1,0,0,2136,0,0,0
kstar_nI40_nJ20_nK50_nL10_tI2_tJ2_s5.txt,40,20,50,10,2,2,5,4,7922de22c146f36d3210b9ae6fce550a,TIMEOUT,inf,60,4,4730,60.007,0,1,0,0,0,2336,0,0
kstar_nI40_nJ20_nK50_nL10_tI3_tJ3_s1.txt,40,20,50,10,3,3,1,6,dd7f52fbb8de28cf95fd4bf0086d4e43,TIMEOUT,inf,60,6,4608,60.005,0,1,0,0,0,2276,0,0
kstar_nI40_nJ20_nK50_nL10_tI3_tJ3_s2.txt,40,20,50,10,3,3,2,6,bea00077b628cf958a13e6f589bebeaa,TIMEOUT,64755,60,6,4187,60.013,0,1,0,0,2066,0,0,0
kstar_nI40_nJ20_nK50_nL10_tI3_tJ3_s3.txt,40,20,50,10,3,3,3,6,013ff489a19a9ec06cf7e02bee686f49,TIMEOUT,inf,60,6,4585,60.002,0,1,0,0,0,2265,0,0
kstar_nI40_nJ20_nK50_nL10_tI3_tJ3_s4.txt,40,20,50,10,3,3,4,6,5391f8c6dbad81165278cbd3e7664e0a,TIMEOUT,64878,60,6,4135,60.010,0,1,0,0,2042,0,0,0
kstar_nI40_nJ20_nK50_nL10_tI3_tJ3_s5.txt,40,20,50,10,3,3,5,6,b3854e145dd8c6e38dbd20e053084532,TIMEOUT,69690,60,6,4035,60.013,0,1,0,0,1732,262,0,0
kstar_nI40_nJ20_nK50_nL10_tI4_tJ4_s1.txt,40,20,50,10,4,4,1,8,47de8f7fec9860d1b204657b2e3d049d,TIMEOUT,inf,60,8,4506,60.006,0,1,0,0,0,2225,0,0
kstar_nI40_nJ20_nK50_nL10_tI4_tJ4_s2.txt,40,20,50,10,4,4,2,8,b8a45c51ddbe56f95617920408f615a7,TIMEOUT,62599,60,8,4028,60.002,0,1,0,0,1938,51,0,0
kstar_nI40_nJ20_nK50_nL10_tI4_tJ4_s3.txt,40,20,50,10,4,4,3,8,f4be91cff00a31f1667003afed67ace8,TIMEOUT,64265,60,8,4159,60.009,0,1,0,0,2052,0,0,0
kstar_nI40_nJ20_nK50_nL10_tI4_tJ4_s4.txt,40,20,50,10,4,4,4,8,b215f076336550484c14571104f31a35,TIMEOUT,66873,60,8,4247,60.006,0,1,0,0,2070,23,0,0
kstar_nI40_nJ20_nK50_nL10_tI4_tJ4_s5.txt,40,20,50,10,4,4,5,8,ec2408dbb5529a0f33179085f3b8b0ea,TIMEOUT,67326,60,8,4213,60.011,0,1,0,0,2053,25,0,0
kstar_nI40_nJ20_nK50_nL10_tI5_tJ5_s1.txt,40,20,50,10,5,5,1,10,e47a1b7d55c3f80806f4400ea735b2f4,TIMEOUT,66671,60,10,4195,60.013,0,1,0,0,2069,0,0,0
kstar_nI40_nJ20_nK50_nL10_tI5_tJ5_s2.txt,40,20,50,10,5,5,2,10,9f27a6537ac3c4dbd5e899a29f8f4089,TIMEOUT,62530,60,10,4180,60.006,0,1,0,0,2058,0,0,0
kstar_nI40_nJ20_nK50_nL10_tI5_tJ5_s3.txt,40,20,50,10,5,5,3,10,8702f1607376f648706fb64001800566,TIMEOUT,inf,60,10,4639,60.012,0,1,0,0,0,2292,0,0
kstar_nI40_nJ20_nK50_nL10_tI5_tJ5_s4.txt,40,20,50,10,5,5,4,10,802a11d125ee4eaaaa80ef2df0d7b460,TIMEOUT,66354,60,10,4317,60.010,0,1,0,0,2135,0,0,0
kstar_nI40_nJ20_nK50_nL10_tI5_tJ5_s5.txt,40,20,50,10,5,5,5,10,4e75dd89bd36b139cfab113b3d69477b,TIMEOUT,inf,60,10,4508,60.005,0,1,7,0,0,2219,0,0
kstar_nI40_nJ20_nK50_nL10_tI6_tJ6_s1.txt,40,20,50,10,6,6,1,12,110a1db3bfac07f4911ab445c7efb303,TIMEOUT,inf,60,12,4559,60.010,0,1,31,0,0,2221,0,0
kstar_nI40_nJ20_nK50_nL10_tI6_tJ6_s2.txt,40,20,50,10,6,6,2,12,22cf38b6d40e0847d17d20263c677d2c,TIMEOUT,68802,60,12,4127,60.008,0,1,0,0,2022,13,0,0
kstar_nI40_nJ20_nK50_nL10_tI6_tJ6_s3.txt,40,20,50,10,6,6,3,12,11bf5ddd3c6f6e23f0e31a835f4ea71f,TIMEOUT,66377,60,12,4044,60.010,0,1,0,0,1993,0,0,0
kstar_nI40_nJ20_nK50_nL10_tI6_tJ6_s4.txt,40,20,50,10,6,6,4,12,dc658441fdfa16660d400ca5430c24a6,TIMEOUT,67035,60,12,4053,60.004,0,1,0,0,2002,0,0,0
kstar_nI40_nJ20_nK50_nL10_tI6_tJ6_s5.txt,40,20,50,10,6,6,5,12,7b3b7a0a87d63cb68cf500449521cc39,TIMEOUT,61876,60,12,3937,60.010,0,1,0,0,1942,0,0,0
kstar_nI40_nJ20_nK50_nL5_tI2_tJ2_s1.txt,40,20,50,5,2,2,1,4,d85b9c1c849cca18306163f83ffd5dcc,TIMEOUT,inf,60,4,9700,60.001,0,1,0,0,0,4824,0,0
kstar_nI40_nJ20_nK50_nL5_tI2_tJ2_s2.txt,40,20,50,5,2,2,2,4,9a3ca4d41cb8bdfbf7c96fb9ea31ae99,TIMEOUT,inf,60,4,9203,60.002,0,1,0,0,0,4576,0,0
kstar_nI40_nJ20_nK50_nL5_tI2_tJ2_s3.txt,40,20,50,5,2,2,3,4,0d93249d56c74bbc52f35565e553f8ce,TIMEOUT,inf,60,4,9577,60.000,0,1,0,0,0,4761,0,0
kstar_nI40_nJ20_nK50_nL5_tI2_tJ2_s4.txt,40,20,50,5,2,2,4,4,70f7225fa54e11b4c7977ed1ab51c34b,TIMEOUT,inf,60,4,9436,60.003,0,1,0,0,0,4690,0,0
kstar_nI40_nJ20_nK50_nL5_tI2_tJ2_s5.txt,40,20,50,5,2,2,5,4,f723f9af45aebd5529f2dbc1f17b6085,TIMEOUT,inf,60,4,9373,60.004,0,1,0,0,0,4659,0,0
kstar_nI40_nJ20_nK50_nL5_tI3_tJ3_s1.txt,40,20,50,5,3,3,1,6,0c563347f2e3223ae83565fc2d68a0c3,TIMEOUT,inf,60,6,9442,60.004,0,1,0,0,0,4694,0,0
kstar_nI40_nJ20_nK50_nL5_tI3_tJ3_s2.txt,40,20,50,5,3,3,2,6,edfdc2316500886fb6a96c7eefbfc9da,TIMEOUT,inf,60,6,9121,60.002,0,1,0,0,0,4534,0,0
kstar_nI40_nJ20_nK50_nL5_tI3_tJ3_s3.txt,40,20,50,5,3,3,3,6,7786f009b0a687ca08683c1160e843a8,TIMEOUT,inf,60,6,9272,60.002,0,1,0,0,0,4608,0,0
kstar_nI40_nJ20_nK50_nL5_tI3_tJ3_s4.txt,40,20,50,5,3,3,4,6,9abe0f34719a598152a7f793ba66c116,TIMEOUT,inf,60,6,9303,60.001,0,1,0,0,0,4624,0,0
kstar_nI40_nJ20_nK50_nL5_tI3_tJ3_s5.txt,40,20,50,5,3,3,5,6,db801d852174b45172740df61a397a28,TIMEOUT,inf,60,6,9249,60.001,0,1,0,0,0,4598,0,0
kstar_nI40_nJ20_nK50_nL5_tI4_tJ4_s1.txt,40,20,50,5,4,4,1,8,2cb0b7bd8c444a6898d3242e279c7ebb,TIMEOUT,inf,60,8,9497,60.004,0,1,0,0,0,4721,0,0
kstar_nI40_nJ20_nK50_nL5_tI4_tJ4_s2.txt,40,20,50,5,4,4,2,8,ba863498d5963f133c41364d8af13980,TIMEOUT,inf,60,8,8885,60.002,0,1,0,0,0,4416,0,0
kstar_nI40_nJ20_nK50_nL5_tI4_tJ4_s3.txt,40,20,50,5,4,4,3,8,ee51f22f45e636838c03ac3329b75e58,TIMEOUT,inf,60,8,9559,60.006,0,1,0,0,0,4752,0,0
kstar_nI40_nJ20_nK50_nL5_tI4_tJ4_s4.txt,40,20,50,5,4,4,4,8,40936129e17ea4ac246f974e8a0e0cb1,TIMEOUT,inf,60,8,9050,60.001,0,1,0,0,0,4497,0,0
kstar_nI40_nJ20_nK50_nL5_tI4_tJ4_s5.txt,40,20,50,5,4,4,5,8,f949c1e7f3202c45eb0bc6681392466e,TIMEOUT,inf,60,8,8942,60.001,0,1,0,0,0,4444,0,0
kstar_nI40_nJ20_nK50_nL5_tI5_tJ5_s1.txt,40,20,50,5,5,5,1,10,695ceb152ca2721bd154c78d944ffa7e,TIMEOUT,49240,60,10,8421,60.003,0,1,0,0,2167,2016,0,0
kstar_nI40_nJ20_nK50_nL5_tI5_tJ5_s2.txt,40,20,50,5,5,5,2,10,0a8bb143648d777116c844347505d38a,TIMEOUT,inf,60,10,9264,60.001,0,1,0,0,0,4606,0,0
kstar_nI40_nJ20_nK50_nL5_tI5_tJ5_s3.txt,40,20,50,5,5,5,3,10,bdc76da840b69b90301f23560bb14543,TIMEOUT,inf,60,10,8856,60.003,0,1,10,0,0,4390,0,0
kstar_nI40_nJ20_nK50_nL5_tI5_tJ5_s4.txt,40,20,50,5,5,5,4,10,736fbbe598345007571d9932d8313b7b,TIMEOUT,inf,60,10,9114,60.006,0,1,0,0,0,4530,0,0
kstar_nI40_nJ20_nK50_nL5_tI5_tJ5_s5.txt,40,20,50,5,5,5,5,10,8df47fb5582b862261419e0faa377db3,TIMEOUT,inf,60,10,8837,60.004,0,1,0,0,0,4391,0,0
kstar_nI40_nJ20_nK50_nL5_tI6_tJ6_s1.txt,40,20,50,5,6,6,1,12,84babcc52c8e2e2f07aec2f277d01804,TIMEOUT,inf,60,12,8688,60.006,0,1,1,0,0,4316,0,0
kstar_nI40_nJ20_nK50_nL5_tI6_tJ6_s2.txt,40,20,50,5,6,6,2,12,1d8db769d977e3ea61a9b45d04d23f3a,TIMEOUT,inf,60,12,8241,60.002,0,1,59,0,0,4034,0,0
kstar_nI40_nJ20_nK50_nL5_tI6_tJ6_s3.txt,40,20,50,5,6,6,3,12,0f985ce779fae041148009b0f1969bf8,TIMEOUT,inf,60,12,8229,60.000,0,1,0,0,0,4089,0,0
kstar_nI40_nJ20_nK50_nL5_tI6_tJ6_s4.txt,40,20,50,5,6,6,4,12,74188718cab3ec5443a78c7684b30215,TIMEOUT,43059,60,12,8298,60.006,0,1,0,0,3707,411,0,0
kstar_nI40_nJ20_nK50_nL5_tI6_tJ6_s5.txt,40,20,50,5,6,6,5,12,2db884808fa1f270ef24444132d94cf8,TIMEOUT,45571,60,12,8518,60.002,0,1,0,0,3773,459,0,0
kstar_nI40_nJ40_nK100_nL10_tI2_tJ2_s1.txt,40,40,100,10,2,2,1,4,a7cbcbad119533d99aa33f64c3d21bce,TIMEOUT,87770,80,4,822,60.028,0,1,0,0,374,0,0,0
kstar_nI40_nJ40_nK100_nL10_tI2_tJ2_s2.txt,40,40,100,10,2,2,2,4,5a508db902c623eafc571716599ddeca,TIMEOUT,90593,80,4,831,60.057,0,1,0,0,379,0,0,0
kstar_nI40_nJ40_nK100_nL10_tI2_tJ2_s3.txt,40,40,100,10,2,2,3,4,d25152182528a6ef3a668872137de721,TIMEOUT,91750,80,4,816,60.053,0,1,0,0,371,0,0,0
kstar_nI40_nJ40_nK100_nL10_tI2_tJ2_s4.txt,40,40,100,10,2,2,4,4,9dda4f6135cfecec9a4abfb3381d2c48,TIMEOUT,91984,80,4,830,60.021,0,1,0,0,375,0,0,0
kstar_nI40_nJ40_nK100_nL10_tI2_tJ2_s5.txt,40,40,100,10,2,2,5,4,7a654cd715ccb392fe520df0241b1b42,TIMEOUT,89578,80,4,810,60.067,0,1,0,0,368,0,0,0
kstar_nI40_nJ40_nK100_nL10_tI3_tJ3_s1.txt,40,40,100,10,3,3,1,6,772a1cfa0d189b831b2198c3aee13c89,TIMEOUT,90635,80,6,829,60.066,0,1,0,0,378,0,0,0
kstar_nI40_nJ40_nK100_nL10_tI3_tJ3_s2.txt,40,40,100,10,3,3,2,6,d8561f399cb5abf4bbeb2e79d38ab4b0,TIMEOUT,87504,80,6,801,60.046,0,1,0,0,364,0,0,0
kstar_nI40_nJ40_nK100_nL10_tI3_tJ3_s3.txt,40,40,100,10,3,3,3,6,9dface8a22ae0562f66e6a69d48c9b13,TIMEOUT,88797,80,6,831,60.026,0,1,0,0,378,0,0,0
kstar_nI40_nJ40_nK100_nL10_tI3_tJ3_s4.txt,40,40,100,10,3,3,4,6,1af88f4f511e1adbc5746e013aaeb568,TIMEOUT,90841,80,6,797,60.066,0,1,0,0,358,0,0,0
kstar_nI40_nJ40_nK100_nL10_tI3_tJ3_s5.txt,40,40,100,10,3,3,5,6,563a511918a182424e60033ba51d754a,TIMEOUT,87706,80,6,813,60.010,0,1,0,0,368,0,0,0
kstar_nI40_nJ40_nK100_nL10_tI4_tJ4_s1.txt,40,40,100,10,4,4,1,8,59f52358edded88c9207a6e70d2cfe81,TIMEOUT,91561,80,8,818,60.061,0,1,0,0,370,0,0,0
kstar_nI40_nJ40_nK100_nL10_tI4_tJ4_s2.txt,40,40,100,10,4,4,2,8,182d8758c6cf5bbc17415d770fa6148a,TIMEOUT,90251,80,8,820,60.042,0,1,0,0,373,0,0,0
kstar_nI40_nJ40_nK100_nL10_tI4_tJ4_s3.txt,40,40,100,10,4,4,3,8,1a1b8054b6ecbbcc8adf6f8f26c688a6,TIMEOUT,89483,80,8,823,60.068,0,1,0,0,376,0,0,0
kstar_nI40_nJ40_nK100_nL10_tI4_tJ4_s4.txt,40,40,100,10,4,4,4,8,f25103f5ed577412726c2e60af32dfa8,TIMEOUT,93545,80,8,815,60.029,0,1,0,0,372,0,0,0
kstar_nI40_nJ40_nK100_nL10_tI4_tJ4_s5.txt,40,40,100,10,4,4,5,8,8d121aff895296306363791b9aa9433c,TIMEOUT,91639,80,8,805,60.041,0,1,0,0,366,0,0,0
kstar_nI40_nJ40_nK100_nL10_tI5_tJ5_s1.txt,40,40,100,10,5,5,1,10,4730b566a4c026deaec689b5acc9293c,TIMEOUT,91589,80,10,814,60.039,0,1,0,0,370,0,0,0
kstar_nI40_nJ40_nK100_nL10_tI5_tJ5_s2.txt,40,40,100,10,5,5,2,10,b6dcbdba2d70ef8bce94e71d9e2d64a7,TIMEOUT,91249,80,10,807,60.011,0,1,0,0,366,0,0,0
kstar_nI40_nJ40_nK100_nL10_tI5_tJ5_s3.txt,40,40,100,10,5,5,3,10,0fd3cda5a540a78ad3f5f1cde85d0853,TIMEOUT,87103,80,10,800,60.031,0,1,0,0,362,0,0,0
kstar_nI40_nJ40_nK100_nL10_tI5_tJ5_s4.txt,40,40,100,10,5,5,4,10,da5643414d51da28af3fd4bd48b1f00e,TIMEOUT,92206,80,10,811,60.063,0,1,0,0,370,0,0,0
kstar_nI40_nJ40_nK100_nL10_tI5_tJ5_s5.txt,40,40,100,10,5,5,5,10,e5c2f74059058cebbdbc1b98814df561,TIMEOUT,88082,80,10,800,60.046,0,1,0,0,362,0,0,0
kstar_nI40_nJ40_nK100_nL10_tI6_tJ6_s1.txt,40,40,100,10,6,6,1,12,352e07f494c2ee4bcc7b25368fb548ce,TIMEOUT,87251,80,12,813,60.064,0,1,0,0,367,0,0,0
kstar_nI40_nJ40_nK100_nL10_tI6_tJ6_s2.txt,40,40,100,10,6,6,2,12,442f79635801d9f5ce309ac39e629a50,TIMEOUT,90848,80,12,805,60.022,0,1,0,0,366,0,0,0
kstar_nI40_nJ40_nK100_nL10_tI6_tJ6_s3.txt,40,40,100,10,6,6,3,12,75f44ed6c9906f5804d61ea3941688d4,TIMEOUT,91809,80,12,827,60.036,0,1,0,0,378,0,0,0
kstar_nI40_nJ40_nK100_nL10_tI6_tJ6_s4.txt,40,40,100,10,6,6,4,12,047368be2a5c2a168b5cba4dc4afb5e2,TIMEOUT,88760,80,12,825,60.028,0,1,0,0,374,0,0,0
kstar_nI40_nJ40_nK100_nL10_tI6_tJ6_s5.txt,40,40,100,10,6,6,5,12,2efc0010fe4f67e37cc1edcbf4de306e,TIMEOUT,90864,80,12,799,60.005,0,1,0,0,363,0,0,0
kstar_nI40_nJ40_nK100_nL5_tI2_tJ2_s1.txt,40,40,100,5,2,2,1,4,14a97270a88a18fc9185c13983a36950,TIMEOUT,inf,80,4,1692,60.003,0,1,0,0,0,808,0,0
kstar_nI40_nJ40_nK100_nL5_tI2_tJ2_s2.txt,40,40,100,5,2,2,2,4,f9899f416c81adc4b015d3ed9f025c06,TIMEOUT,inf,80,4,1698,60.010,0,1,0,0,0,812,0,0
kstar_nI40_nJ40_nK100_nL5_tI2_tJ2_s3.txt,40,40,100,5,2,2,3,4,4582c544e48c639743b0af01851f9699,TIMEOUT,57015,80,4,1720,60.006,0,1,0,0,819,0,0,0
kstar_nI40_nJ40_nK100_nL5_tI2_tJ2_s4.txt,40,40,100,5,2,2,4,4,029ce682b2bcdd6d2c26954215c0fd78,TIMEOUT,inf,80,4,1653,60.019,0,1,0,0,0,788,0,0
kstar_nI40_nJ40_nK100_nL5_tI2_tJ2_s5.txt,40,40,100,5,2,2,5,4,007bc610236b4052ede38ab26113f1be,TIMEOUT,59391,80,4,1660,60.010,0,1,0,0,790,0,0,0
kstar_nI40_nJ40_nK100_nL5_tI3_tJ3_s1.txt,40,40,100,5,3,3,1,6,dfd2df5b8d1fc09254232e17c72fad33,TIMEOUT,inf,80,6,1730,60.024,0,1,0,0,0,828,0,0
kstar_nI40_nJ40_nK100_nL5_tI3_tJ3_s2.txt,40,40,100,5,3,3,2,6,b71912b0cb3a29053a2d93160e681f21,TIMEOUT,58635,80,6,1668,60.032,0,1,0,0,789,0,0,0
kstar_nI40_nJ40_nK100_nL5_tI3_tJ3_s3.txt,40,40,100,5,3,3,3,6,c75b58c3d57015fcffd44c0dbe832316,TIMEOUT,59844,80,6,1663,60.025,0,1,0,0,280,512,0,0
kstar_nI40_nJ40_nK100_nL5_tI3_tJ3_s4.txt,40,40,100,5,3,3,4,6,b316b6a3c0347dd188af1929a471ccc5,TIMEOUT,inf,80,6,1676,60.008,0,1,0,0,0,800,0,0
kstar_nI40_nJ40_nK100_nL5_tI3_tJ3_s5.txt,40,40,100,5,3,3,5,6,315412e3bc090fffe3a9ab6be9473d8f,TIMEOUT,inf,80,6,1681,60.014,0,1,0,0,0,802,0,0
kstar_nI40_nJ40_nK100_nL5_tI4_tJ4_s1.txt,40,40,100,5,4,4,1,8,6687912a1010f115d8fd7027119c0921,TIMEOUT,58076,80,8,1621,60.011,0,1,0,0,769,0,0,0
kstar_nI40_nJ40_nK100_nL5_tI4_tJ4_s2.txt,40,40,100,5,4,4,2,8,8000420302a97ef8f7317ffc9f8785d5,TIMEOUT,56883,80,8,1690,60.024,0,1,0,0,799,0,0,0
kstar_nI40_nJ40_nK100_nL5_tI4_tJ4_s3.txt,40,40,100,5,4,4,3,8,df25301869bc19ec198c58092d302db1,TIMEOUT,inf,80,8,1661,60.021,0,1,0,0,0,792,0,0
kstar_nI40_nJ40_nK100_nL5_tI4_tJ4_s4.txt,40,40,100,5,4,4,4,8,1c906e12c7403f9ed04a2c0aa912410a,TIMEOUT,56001,80,8,1603,60.021,0,1,0,0,763,0,0,0
kstar_nI40_nJ40_nK100_nL5_tI4_tJ4_s5.txt,40,40,100,5,4,4,5,8,debfa61d03e01a5dc0f215afd54d5c6d,TIMEOUT,59951,80,8,1641,60.025,0,1,0,0,777,0,0,0
kstar_nI40_nJ40_nK100_nL5_tI5_tJ5_s1.txt,40,40,100,5,5,5,1,10,ef7b2920dad3773d2f1ea04741a2bdac,TIMEOUT,56678,80,10,1641,60.023,0,1,0,0,778,0,0,0
kstar_nI40_nJ40_nK100_nL5_tI5_tJ5_s2.txt,40,40,100,5,5,5,2,10,bcc4d3ba72b592d7ffc685618ec733a0,TIMEOUT,inf,80,10,1635,60.022,0,1,0,0,0,780,0,0
kstar_nI40_nJ40_nK100_nL5_tI5_tJ5_s3.txt,40,40,100,5,5,5,3,10,68d2a5f3f55a9b067b879bb8ada1ac66,TIMEOUT,56601,80,10,1640,60.034,0,1,0,0,770,0,0,0
kstar_nI40_nJ40_nK100_nL5_tI5_tJ5_s4.txt,40,40,100,5,5,5,4,10,b6f0de460e3193545ce70e6c77308b57,TIMEOUT,57146,80,10,1694,60.022,0,1,0,0,799,0,0,0
kstar_nI40_nJ40_nK100_nL5_tI5_tJ5_s5.txt,40,40,100,5,5,5,5,10,6743b651387f3abde38afc390dcb2219,TIMEOUT,58495,80,10,1655,60.029,0,1,0,0,780,0,0,0
kstar_nI40_nJ40_nK100_nL5_tI6_tJ6_s1.txt,40,40,100,5,6,6,1,12,a41a22f0b74c5e07a54dd1887a228901,TIMEOUT,57048,80,12,1618,60.022,0,1,0,0,767,0,0,0
kstar_nI40_nJ40_nK100_nL5_tI6_tJ6_s2.txt,40,40,100,5,6,6,2,12,864b5046b83103a49d4cf1a622f3be05,TIMEOUT,58058,80,12,1592,60.008,0,1,0,0,753,0,0,0
kstar_nI40_nJ40_nK100_nL5_tI6_tJ6_s3.txt,40,40,100,5,6,6,3,12,b69e003160bae2b7c9eb520cde17fdcf,TIMEOUT,inf,80,12,1634,60.006,0,1,0,0,0,779,0,0
kstar_nI40_nJ40_nK100_nL5_tI6_tJ6_s4.txt,40,40,100,5,6,6,4,12,4fdb69ce99de27020eb32f2f3b340034,TIMEOUT,55622,80,12,1671,60.010,0,1,0,0,786,0,0,0
kstar_nI40_nJ40_nK100_nL5_tI6_tJ6_s5.txt,40,40,100,5,6,6,5,12,b04df20705d28408fa1bf1132d187ddc,TIMEOUT,58068,80,12,1589,60.019,0,1,0,0,756,0,0,0
kstar_nI40_nJ40_nK50_nL10_tI2_tJ2_s1.txt,40,40,50,10,2,2,1,4,39df96cb40ae6cc23379a9eca632d08a,TIMEOUT,55819,80,4,2626,60.018,0,1,0,0,1270,0,0,0
kstar_nI40_nJ40_nK50_nL10_tI2_tJ2_s2.txt,40,40,50,10,2,2,2,4,2e36b31594d3ac4d2e1b4bb54ea2dbbe,TIMEOUT,54517,80,4,2558,60.013,0,1,0,0,1225,16,0,0
kstar_nI40_nJ40_nK50_nL10_tI2_tJ2_s3.txt,40,40,50,10,2,2,3,4,728dd40624cc3f70d47ee7cc28559a56,TIMEOUT,56542,80,4,2592,60.010,0,1,0,0,1253,0,0,0
kstar_nI40_nJ40_nK50_nL10_tI2_tJ2_s4.txt,40,40,50,10,2,2,4,4,6cf35b20158fd620251c8ab71821f2b3,TIMEOUT,57636,80,4,2600,60.006,0,1,0,0,1248,10,0,0
kstar_nI40_nJ40_nK50_nL10_tI2_tJ2_s5.txt,40,40,50,10,2,2,5,4,6548fb3ef911122ff4b35e267d1a2a86,TIMEOUT,57728,80,4,2550,60.018,0,1,0,0,1231,0,0,0
kstar_nI40_nJ40_nK50_nL10_tI3_tJ3_s1.txt,40,40,50,10,3,3,1,6,4f6e159638155a17018c24112160e3de,TIMEOUT,56548,80,6,2540,60.008,0,1,0,0,1226,0,0,0
kstar_nI40_nJ40_nK50_nL10_tI3_tJ3_s2.txt,40,40,50,10,3,3,2,6,08902598742ff33493e5a5ea6084adf7,TIMEOUT,54764,80,6,2568,60.020,0,1,0,0,1236,0,0,0
kstar_nI40_nJ40_nK50_nL10_tI3_tJ3_s3.txt,40,40,50,10,3,3,3,6,27adda2e1d49b30b4167e4b519d8dbb4,TIMEOUT,56020,80,6,2410,60.018,0,1,0,0,1158,0,0,0
kstar_nI40_nJ40_nK50_nL10_tI3_tJ3_s4.txt,40,40,50,10,3,3,4,6,5858c7258ab03184d712ee01026b9f69,TIMEOUT,57662,80,6,2626,60.008,0,1,0,0,1264,0,0,0
kstar_nI40_nJ40_nK50_nL10_tI3_tJ3_s5.txt,40,40,50,10,3,3,5,6,db4319ef543fb7d84ef96e9ba95aac5b,TIMEOUT,57983,80,6,2480,60.027,0,1,0,0,1202,0,0,0
kstar_nI40_nJ40_nK50_nL10_tI4_tJ4_s1.txt,40,40,50,10,4,4,1,8,8024e11ff50f9856fa4e8f517a81958c,TIMEOUT,57016,80,8,2596,60.010,0,1,0,0,1258,0,0,0
kstar_nI40_nJ40_nK50_nL10_tI4_tJ4_s2.txt,40,40,50,10,4,4,2,8,eed00b4e19a503d63357fba0ae66df54,TIMEOUT,56403,80,8,2493,60.011,0,1,0,0,1204,0,0,0
kstar_nI40_nJ40_nK50_nL10_tI4_tJ4_s3.txt,40,40,50,10,4,4,3,8,9ac28024c3a95fbade32c81c2647833a,TIMEOUT,57836,80,8,2461,60.014,0,1,0,0,1185,0,0,0
kstar_nI40_nJ40_nK50_nL10_tI4_tJ4_s4.txt,40,40,50,10,4,4,4,8,b989da5c07dd56bb28dfa2593b6c6668,TIMEOUT,57055,80,8,2575,60.021,0,1,0,0,1241,0,0,0
kstar_nI40_nJ40_nK50_nL10_tI4_tJ4_s5.txt,40,40,50,10,4,4,5,8,dc342f684eec5fde4c7921ccd3e9733e,TIMEOUT,56784,80,8,2471,60.000,0,1,0,0,1188,0,0,0
kstar_nI40_nJ40_nK50_nL10_tI5_tJ5_s1.txt,40,40,50,10,5,5,1,10,cd8649765b4d77fc8c5021c133059845,TIMEOUT,56237,80,10,2442,60.009,0,1,0,0,1181,0,0,0
kstar_nI40_nJ40_nK50_nL10_tI5_tJ5_s2.txt,40,40,50,10,5,5,2,10,1496130c816725ce5148b218d47d3ce2,TIMEOUT,55660,80,10,2378,60.016,0,1,0,0,1139,0,0,0
kstar_nI40_nJ40_nK50_nL10_tI5_tJ5_s3.txt,40,40,50,10,5,5,3,10,5b549420e4148dd5021d96830536cd97,TIMEOUT,57423,80,10,2522,60.024,0,1,0,0,1221,0,0,0
kstar_nI40_nJ40_nK50_nL10_tI5_tJ5_s4.txt,40,40,50,10,5,5,4,10,870ec5bc5238d30f948bae7ca9c39492,TIMEOUT,57505,80,10,2572,60.020,0,1,0,0,1245,0,0,0
kstar_nI40_nJ40_nK50_nL10_tI5_tJ5_s5.txt,40,40,50,10,5,5,5,10,dd5e071fb39b1640da5dd5df7277d9b7,TIMEOUT,54772,80,10,2493,60.020,0,1,0,0,1207,0,0,0
kstar_nI40_nJ40_nK50_nL10_tI6_tJ6_s1.txt,40,40,50,10,6,6,1,12,b8a792ce43561daae3ba132a8990691a,TIMEOUT,56651,80,12,2564,60.012,0,1,0,0,1242,0,0,0
kstar_nI40_nJ40_nK50_nL10_tI6_tJ6_s2.txt,40,40,50,10,6,6,2,12,3fc08fbc2fa885a137db112966cefcef,TIMEOUT,58343,80,12,2589,60.006,0,1,0,0,1249,4,0,0
kstar_nI40_nJ40_nK50_nL10_tI6_tJ6_s3.txt,40,40,50,10,6,6,3,12,f2347bb3a841de68818a02f024add806,TIMEOUT,57324,80,12,2549,60.018,0,1,0,0,1235,0,0,0
kstar_nI40_nJ40_nK50_nL10_tI6_tJ6_s4.txt,40,40,50,10,6,6,4,12,b59fab459b042a4cb881da21201d979a,TIMEOUT,55298,80,12,2539,60.020,0,1,0,0,1230,0,0,0
kstar_nI40_nJ40_nK50_nL10_tI6_tJ6_s5.txt,40,40,50,10,6,6,5,12,2a01fba2b91d07f65993a546cf1d49d0,TIMEOUT,54832,80,12,2599,60.008,0,1,0,0,1257,0,0,0
kstar_nI40_nJ40_nK50_nL5_tI2_tJ2_s1.txt,40,40,50,5,2,2,1,4,fb70f578777a683efbb2d772ed4fd439,TIMEOUT,inf,80,4,5321,60.006,0,1,0,0,0,2624,0,0
kstar_nI40_nJ40_nK50_nL5_tI2_tJ2_s2.txt,40,40,50,5,2,2,2,4,a24657087b6dda95c4fd4257aefe8726,TIMEOUT,inf,80,4,5216,60.006,0,1,0,0,0,2570,0,0
kstar_nI40_nJ40_nK50_nL5_tI2_tJ2_s3.txt,40,40,50,5,2,2,3,4,15d5459bb6fd13ffcf655204251d0e04,TIMEOUT,39243,80,4,5297,60.002,0,1,0,0,1968,626,0,0
kstar_nI40_nJ40_nK50_nL5_tI2_tJ2_s4.txt,40,40,50,5,2,2,4,4,b0ee50a6aafbd35d3be394a965c3b92d,TIMEOUT,36918,80,4,5362,60.004,0,1,0,0,2097,521,0,0
kstar_nI40_nJ40_nK50_nL5_tI2_tJ2_s5.txt,40,40,50,5,2,2,5,4,67e8177e371dc86581fdd02ff2db19b7,TIMEOUT,37174,80,4,4991,60.007,0,1,0,0,2449,4,0,0
kstar_nI40_nJ40_nK50_nL5_tI3_tJ3_s1.txt,40,40,50,5,3,3,1,6,c9c51a3ef2a55a44f3efc4f3eafec5a1,TIMEOUT,inf,80,6,5161,60.004,0,1,0,0,0,2544,0,0
kstar_nI40_nJ40_nK50_nL5_tI3_tJ3_s2.txt,40,40,50,5,3,3,2,6,06d099d31eae55eea10744fb9f35aad0,TIMEOUT,40606,80,6,5049,60.003,0,1,0,0,227,2254,0,0
kstar_nI40_nJ40_nK50_nL5_tI3_tJ3_s3.txt,40,40,50,5,3,3,3,6,3bbb4034b9dd1634c4d09519e348b2a1,TIMEOUT,inf,80,6,5275,60.010,0,1,0,0,0,2600,0,0
kstar_nI40_nJ40_nK50_nL5_tI3_tJ3_s4.txt,40,40,50,5,3,3,4,6,dbe763aa74a901f3983996dde15cfa43,TIMEOUT,inf,80,6,5219,60.007,0,1,0,0,0,2572,0,0
kstar_nI40_nJ40_nK50_nL5_tI3_tJ3_s5.txt,40,40,50,5,3,3,5,6,14233d1737015a8c11d9888dc5a60550,TIMEOUT,inf,80,6,5183,60.005,0,1,0,0,0,2556,0,0
kstar_nI40_nJ40_nK50_nL5_tI4_tJ4_s1.txt,40,40,50,5,4,4,1,8,cfa3737cc6b6ad3981e77a2c411e9314,TIMEOUT,39046,80,8,5224,60.008,0,1,0,0,1496,1067,0,0
kstar_nI40_nJ40_nK50_nL5_tI4_tJ4_s2.txt,40,40,50,5,4,4,2,8,e0a1b73c79370c7f24779ea3fedd988b,TIMEOUT,inf,80,8,4950,60.007,0,1,0,0,0,2437,0,0
kstar_nI40_nJ40_nK50_nL5_tI4_tJ4_s3.txt,40,40,50,5,4,4,3,8,00ab5b33bf5edfa3fde7c68182c05ff5,TIMEOUT,inf,80,8,5051,60.007,0,1,0,0,0,2488,0,0
kstar_nI40_nJ40_nK50_nL5_tI4_tJ4_s4.txt,40,40,50,5,4,4,4,8,20b4c9f884dac17b3e6b4e8e6a0beca8,TIMEOUT,inf,80,8,5131,60.006,0,1,0,0,0,2528,0,0
kstar_nI40_nJ40_nK50_nL5_tI4_tJ4_s5.txt,40,40,50,5,4,4,5,8,6840cd18424c20076be448015bd4bdd6,TIMEOUT,39234,80,8,5191,60.011,0,1,0,0,1729,815,0,0
kstar_nI40_nJ40_nK50_nL5_tI5_tJ5_s1.txt,40,40,50,5,5,5,1,10,4c214271e780f8250aafe20ee5107f92,TIMEOUT,inf,80,10,5035,60.011,0,1,0,0,0,2480,0,0
kstar_nI40_nJ40_nK50_nL5_tI5_tJ5_s2.txt,40,40,50,5,5,5,2,10,668ecdf3a786fe5f7708c3f59468bee5,TIMEOUT,inf,80,10,5051,60.000,0,1,0,0,0,2488,0,0
kstar_nI40_nJ40_nK50_nL5_tI5_tJ5_s3.txt,40,40,50,5,5,5,3,10,b5a8cd18f0e591c85d2d4794b21c3207,TIMEOUT,inf,80,10,4943,60.006,0,1,0,0,0,2433,0,0
kstar_nI40_nJ40_nK50_nL5_tI5_tJ5_s4.txt,40,40,50,5,5,5,4,10,85dff85eaf139c54581cb9e4740e2ca7,TIMEOUT,inf,80,10,4988,60.007,0,1,0,0,0,2456,0,0
kstar_nI40_nJ40_nK50_nL5_tI5_tJ5_s5.txt,40,40,50,5,5,5,5,10,67edad0fef34f60371bd17e159013e84,TIMEOUT,39344,80,10,5062,60.006,0,1,0,0,988,1499,0,0
kstar_nI40_nJ40_nK50_nL5_tI6_tJ6_s1.txt,40,40,50,5,6,6,1,12,334a659651484314fa1c2ad4bf3e3225,TIMEOUT,40819,80,12,4953,60.004,0,1,0,0,2390,36,0,0
kstar_nI40_nJ40_nK50_nL5_tI6_tJ6_s2.txt,40,40,50,5,6,6,2,12,aeee079a1fe9ebf91d06a3abf015cbe5,TIMEOUT,40779,80,12,4956,60.011,0,1,0,0,2402,28,0,0
kstar_nI40_nJ40_nK50_nL5_tI6_tJ6_s3.txt,40,40,50,5,6,6,3,12,cd2e3c1d29b8055a60a5487223281fc7,TIMEOUT,inf,80,12,4862,60.012,0,1,0,0,0,2394,0,0
kstar_nI40_nJ40_nK50_nL5_tI6_tJ6_s4.txt,40,40,50,5,6,6,4,12,df38c4c5f9b1fecaf8c20877d5e5fba0,TIMEOUT,40543,80,12,4932,60.012,0,1,0,0,2228,192,0,0
kstar_nI40_nJ40_nK50_nL5_tI6_tJ6_s5.txt,40,40,50,5,6,6,5,12,1941fd30e2d3a9a1893a64338f1578ce,TIMEOUT,inf,80,12,4859,60.003,0,1,0,0,0,2392,0,0
